-----------------------------------------------------------------------
--DATA
-----------------------------------------------------------------------

-----------------------------------------------------------------------
--KHÁCH HÀNG
INSERT INTO KHACHHANG VALUES('To Duc Anh', '0811196328', '2001-08-21', 'Nam', '2020-11-01', 'Ha Noi')
INSERT INTO KHACHHANG VALUES('Nguyen Minh Anh', '0811190278', '2001-01-01', 'Nu', '2020-01-02', 'Ha Noi')
INSERT INTO KHACHHANG VALUES('Pham Ngoc Anh', '0811190479', '2001-01-05', 'Nu', '2020-05-01', 'Ha Noi')
INSERT INTO KHACHHANG VALUES('Tran Phuong Anh', '0811190537', '2001-02-14', 'Nu', '2019-11-20', 'Bac Ninh')
INSERT INTO KHACHHANG VALUES('Le Tien Bang', '0811190703', '2001-04-12', 'Nam', '2021-02-03', 'Ha Noi')
INSERT INTO KHACHHANG VALUES('Nguyen Linh Chi', '0811190836', '2001-05-12', 'Nu', '2020-12-12', 'Thanh Hoa')
INSERT INTO KHACHHANG VALUES('Nguyen Thi Thuy Duong', '0811191271', '1999-03-20', 'Nu', '2020-11-14', 'Nghe An')
INSERT INTO KHACHHANG VALUES('Nguyen Viet Duong', '0811191288', '1995-02-23', 'Nam', '2019-05-19', 'Hoa Binh')
INSERT INTO KHACHHANG VALUES('Ho Duc Duy', '0811191318', '1993-06-12', 'Nam', '2020-12-20', 'Ha Noi')
INSERT INTO KHACHHANG VALUES('Ha Minh Duc', '0811191084', '2000-05-12', 'Nam', '2019-04-14', 'Ha Noi')
INSERT INTO KHACHHANG VALUES('Tran Huong Giang', '0811191469', '2001-10-20','Nu', '2020-11-21', 'Ha Giang')
INSERT INTO KHACHHANG VALUES('Ha Long Giang', '0811191393', '1998-08-15', 'Nam', '2019-04-20', 'Ha Noi')
INSERT INTO KHACHHANG VALUES('Le Thu Hien', '0811191830', '2002-11-30', 'Nu', '2020-12-04', 'Thanh Hoa')
INSERT INTO KHACHHANG VALUES('Le Trung Hieu', '0811191940', '2001-05-12', 'Nam', '2020-03-23', 'Hung Yen')
INSERT INTO KHACHHANG VALUES('Nguyen Minh Hoang', '0811192089', '1999-12-20', 'Nam', '2019-09-19', 'Ha Nam')

-----------------------------------------------------------------------
--NHÂN VIÊN
INSERT INTO NHANVIEN VALUES('QL1', 'Nguyen Van Nhat', '0298861956', '1990-07-07','Nam', 'Ha Noi', 300000)
INSERT INTO NHANVIEN VALUES('QL2', 'Tran Van Hai', '0930246511', '1991-08-17','Nam', 'Nam Dinh', 300000)
INSERT INTO NHANVIEN VALUES('QL3', 'Nguyen Thi Ba', '0175622249', '1991-10-12','Nu', 'Hai Phong', 300000)
INSERT INTO NHANVIEN VALUES('PV1', 'Tran Van Vu', '0154932266', '1999-09-07','Nam', 'Bac Ninh', 80000)
INSERT INTO NHANVIEN VALUES('PV2', 'Nguyen Van Phuc', '0153227441', '1995-09-01','Nam', 'Bac Giang', 80000)
INSERT INTO NHANVIEN VALUES('PV3', 'Nguyen Thi Kim', '0423484466', '1994-05-05','Nu', 'Bac Can', 80000)
INSERT INTO NHANVIEN VALUES('PV4', 'Tran Thi Ngan', '0728166644', '1999-04-06','Nu', 'Quang Ninh', 80000)
INSERT INTO NHANVIEN VALUES('PV5', 'Dao Thi Ngoc', '0880287568', '1996-02-06','Nu', 'Nghe An', 80000)
INSERT INTO NHANVIEN VALUES('PV6', 'Do Van Manh', '0730650439', '1997-01-12','Nam', 'Ha Tinh', 80000)
INSERT INTO NHANVIEN VALUES('DB1', 'Duong Van Tu', '0213410504', '1990-03-12','Nam', 'Ha Giang', 240000)
INSERT INTO NHANVIEN VALUES('DB2', 'Do Thi Hue', '0583157646', '1991-02-11','Nu', 'Ha Noi', 240000)
INSERT INTO NHANVIEN VALUES('DB3', 'Pham Thi Thanh', '0968300919', '1989-01-08','Nu', 'Ha Noi', 240000)
INSERT INTO NHANVIEN VALUES('DB4', 'Nguyen Van Phuc', '0894252816', '1989-06-04','Nam', 'Ha Noi', 240000)
INSERT INTO NHANVIEN VALUES('DB5', 'Luu Van Truong', '0327197530', '1990-04-12','Nam', 'Ha Nam', 240000)
INSERT INTO NHANVIEN VALUES('DB6', 'Do Tien Dat', '0478889497', '1992-06-14','Nam', 'Ha Nam', 240000)

-----------------------------------------------------------------------
--NHÀ CUNG CẤP
INSERT INTO NHACUNGCAP VALUES('Nguyen Van Lang', '0968686886', 'Lang Ha')
INSERT INTO NHACUNGCAP VALUES('Nguyen Thi Ha', '0912422410', 'Lang Ha')
INSERT INTO NHACUNGCAP VALUES('Tran Van Thi', '0923433320', 'Cau Giay')
INSERT INTO NHACUNGCAP VALUES('Luon Vui Tuoi', '0922102332', 'Dong Da')
INSERT INTO NHACUNGCAP VALUES('Tran Van Binh', '0121299282', 'Dong Da')
INSERT INTO NHACUNGCAP VALUES('Tran Thi Mai', '09881212224','Khuong Mai')
INSERT INTO NHACUNGCAP VALUES('Dinh Van Ve', '0882342882', 'Le Trong Tan')
INSERT INTO NHACUNGCAP VALUES('Nguyen Thi Lan', '0992123211', 'Nguyen Lan')
INSERT INTO NHACUNGCAP VALUES('Nguyen Van Tam', '0342194432', 'Nguyen Van Troi')
INSERT INTO NHACUNGCAP VALUES('Dinh Van An', '0922898901', 'Nguyen Trai')
INSERT INTO NHACUNGCAP VALUES('Tran Quoc Anh', '0874649952', 'Hang Cot')
INSERT INTO NHACUNGCAP VALUES('Le Van Hieu', '0986523094', 'Hang Chieu')
INSERT INTO NHACUNGCAP VALUES('Dinh Thi Nhan', '0271690666', 'Hang Bai')
INSERT INTO NHACUNGCAP VALUES('Nguyen Thi Van', '0838320610', 'Hang Khay')
INSERT INTO NHACUNGCAP VALUES('Nguyen Van An', '0116423771', 'Nguyen Huy Tuong')

-----------------------------------------------------------------------
--MÓN ĂN
INSERT INTO MON_AN VALUES('Tomyum Me Kong', 109000)
INSERT INTO MON_AN VALUES('Canh Ca Laos', 99000)
INSERT INTO MON_AN VALUES('Canh vit', 89000)
INSERT INTO MON_AN VALUES('Canh bap bo', 129000)
INSERT INTO MON_AN VALUES('Tomyum Kung', 119000)
INSERT INTO MON_AN VALUES('Tomyum Hai San', 129000)
INSERT INTO MON_AN VALUES('Ngao hap chua kieu Laos', 79000)
INSERT INTO MON_AN VALUES('Canh ga', 89000)
INSERT INTO MON_AN VALUES('Canh nam ba dong chi', 89000)
INSERT INTO MON_AN VALUES('Canh gan bo', 109000)
INSERT INTO MON_AN VALUES('Goi xoai chua cay lao', 79000)
INSERT INTO MON_AN VALUES('Goi xoai rau', 89000)
INSERT INTO MON_AN VALUES('Tam trung muoi', 89000)
INSERT INTO MON_AN VALUES('Tam heo gion', 99000)
INSERT INTO MON_AN VALUES('Salad Luang Prabang', 99000)
INSERT INTO MON_AN VALUES('Canh ga gion', 169000)
INSERT INTO MON_AN VALUES('Goi hai san', 139000)
INSERT INTO MON_AN VALUES('Goi xoai ca chien xu', 119000)
INSERT INTO MON_AN VALUES('Lap ca', 99000)
INSERT INTO MON_AN VALUES('Lap ma heo nuong', 109000)
INSERT INTO MON_AN VALUES('Lap vit', 149000)
INSERT INTO MON_AN VALUES('Lap bo', 189000)
INSERT INTO MON_AN VALUES('Lap ga', 99000)
INSERT INTO MON_AN VALUES('Muc chien gion', 149000)
INSERT INTO MON_AN VALUES('Dui ga Tomyum', 99000)
INSERT INTO MON_AN VALUES('Xoi lao', 25000)
INSERT INTO MON_AN VALUES('Heo cuon xa', 89000)
INSERT INTO MON_AN VALUES('Thit heo trung muoi', 159000)
INSERT INTO MON_AN VALUES('Tom chien trung muoi', 159000)
INSERT INTO MON_AN VALUES('Muc pat trung muoi', 149000)
INSERT INTO MON_AN VALUES('Ca Mekong gac bep', 139000)
INSERT INTO MON_AN VALUES('Tom cuon tau hu ky', 149000)
INSERT INTO MON_AN VALUES('Tom sot ot Winai', 159000)
INSERT INTO MON_AN VALUES('Rau muong xao cay', 99000)
INSERT INTO MON_AN VALUES('Rau muong xao sot Winai', 59000)
INSERT INTO MON_AN VALUES('Ca pat can tay', 89000)
INSERT INTO MON_AN VALUES('Bo pat tieu den', 129000)
INSERT INTO MON_AN VALUES('Cari xanh bo', 139000)
INSERT INTO MON_AN VALUES('Cari xanh ga', 99000)

-----------------------------------------------------------------------
--NGUYÊN LIỆU
INSERT INTO NGUYENLIEU VALUES('Thit bo',1)
INSERT INTO NGUYENLIEU VALUES('Thit ga',1)
INSERT INTO NGUYENLIEU VALUES('Thit heo',2)
INSERT INTO NGUYENLIEU VALUES('Thit vit',2)
INSERT INTO NGUYENLIEU VALUES('Muc',2)
INSERT INTO NGUYENLIEU VALUES('Ca', 3)
INSERT INTO NGUYENLIEU VALUES('Tom', 3)
INSERT INTO NGUYENLIEU VALUES('Ngao',3)
INSERT INTO NGUYENLIEU VALUES('Trung',4)
INSERT INTO NGUYENLIEU VALUES('Xoai',5)
INSERT INTO NGUYENLIEU VALUES('Nam',6)
INSERT INTO NGUYENLIEU VALUES('Ca rot',7)
INSERT INTO NGUYENLIEU VALUES('Rau bap cai',8)
INSERT INTO NGUYENLIEU VALUES('Rau thom',8)
INSERT INTO NGUYENLIEU VALUES('Rau salad',8)
INSERT INTO NGUYENLIEU VALUES('Rau muong',8)
INSERT INTO NGUYENLIEU VALUES('Bot chien',9)
INSERT INTO NGUYENLIEU VALUES('Gao nep',10)
INSERT INTO NGUYENLIEU VALUES('Dau phu',10)
INSERT INTO NGUYENLIEU VALUES('Gia vi',11 )
INSERT INTO NGUYENLIEU VALUES('Cari',11)
INSERT INTO NGUYENLIEU VALUES('Sot Laos', 12)
INSERT INTO NGUYENLIEU VALUES('Sot Winai',12)
INSERT INTO NGUYENLIEU VALUES('Sot Thai',13) 
INSERT INTO NGUYENLIEU VALUES('Sot mayo',13)
INSERT INTO NGUYENLIEU VALUES('Tuong ot',14)
INSERT INTO NGUYENLIEU VALUES('Mam',14)
INSERT INTO NGUYENLIEU VALUES('Ketchup',14)
INSERT INTO NGUYENLIEU VALUES('Tuong dau',15)
INSERT INTO NGUYENLIEU VALUES('Dau an',15)

-----------------------------------------------------------------------
--CÔNG THỨC
INSERT INTO CONGTHUC VALUES('Tomyum Me Kong', 'Ca')
INSERT INTO CONGTHUC VALUES('Tomyum Me Kong', 'Gia vi')
INSERT INTO CONGTHUC VALUES('Tomyum Me Kong', 'Sot thai')
INSERT INTO CONGTHUC VALUES('Canh Ca Laos', 'Ca')
INSERT INTO CONGTHUC VALUES('Canh Ca Laos', 'Sot Laos')
INSERT INTO CONGTHUC VALUES('Canh vit', 'Thit vit')
INSERT INTO CONGTHUC VALUES('Canh vit', 'Gia vi')
INSERT INTO CONGTHUC VALUES('Canh vit', 'Sot thai')
INSERT INTO CONGTHUC VALUES('Canh bap bo', 'thit bo')
INSERT INTO CONGTHUC VALUES('Canh bap bo', 'Gia vi')
INSERT INTO CONGTHUC VALUES('Tomyum Kung', 'Ca')
INSERT INTO CONGTHUC VALUES('Tomyum Kung', 'Gia vi')
INSERT INTO CONGTHUC VALUES('Tomyum Hai San', 'Ngao')
INSERT INTO CONGTHUC VALUES('Tomyum Hai San', 'Gia vi')
INSERT INTO CONGTHUC VALUES('Tomyum Hai San', 'Rau bap cai')
INSERT INTO CONGTHUC VALUES('Ngao hap chua kieu Laos', 'Ngao')
INSERT INTO CONGTHUC VALUES('Ngao hap chua kieu Laos', 'Gia vi')
INSERT INTO CONGTHUC VALUES('Canh ga', 'Thit ga')
INSERT INTO CONGTHUC VALUES('Canh ga', 'Gia vi')
INSERT INTO CONGTHUC VALUES('Canh ga', 'Dau an')
INSERT INTO CONGTHUC VALUES('Canh ga', 'Rau bap cai')
INSERT INTO CONGTHUC VALUES('Canh nam ba dong chi', 'Thit heo')
INSERT INTO CONGTHUC VALUES('Canh nam ba dong chi', 'Nam')
INSERT INTO CONGTHUC VALUES('Canh nam ba dong chi', 'Gia vi')
INSERT INTO CONGTHUC VALUES('Canh gan bo', 'Thit bo')
INSERT INTO CONGTHUC VALUES('Canh gan bo', 'Gia vi')
INSERT INTO CONGTHUC VALUES('Goi xoai chua cay lao','Xoai')
INSERT INTO CONGTHUC VALUES('Goi xoai chua cay lao','Gia vi')
INSERT INTO CONGTHUC VALUES('Goi xoai chua cay lao','Rau thom')
INSERT INTO CONGTHUC VALUES('Goi xoai rau', 'Xoai')
INSERT INTO CONGTHUC VALUES('Goi xoai rau', 'Gia vi')
INSERT INTO CONGTHUC VALUES('Goi xoai rau', 'Rau thom')
INSERT INTO CONGTHUC VALUES('Goi xoai rau', 'Rau salad')
INSERT INTO CONGTHUC VALUES('Goi xoai rau', 'Rau bap cai')
INSERT INTO CONGTHUC VALUES('Thit heo trung muoi', 'Thit heo')
INSERT INTO CONGTHUC VALUES('Thit heo trung muoi', 'Tuong ot')
INSERT INTO CONGTHUC VALUES('Thit heo trung muoi', 'Gia vi')
INSERT INTO CONGTHUC VALUES('Thit heo trung muoi', 'Trung')
INSERT INTO CONGTHUC VALUES('Thit heo trung muoi', 'Rau bap cai')
INSERT INTO CONGTHUC VALUES('Tam heo gion', 'Tuong ot')
INSERT INTO CONGTHUC VALUES('Tam heo gion', 'Ketchup')
INSERT INTO CONGTHUC VALUES('Tam heo gion', 'Thit heo')
INSERT INTO CONGTHUC VALUES('Tam heo gion', 'Gia vi')
INSERT INTO CONGTHUC VALUES('Tam heo gion', 'Sot thai')
INSERT INTO CONGTHUC VALUES('Salad Luang Prabang', 'Rau salad')
INSERT INTO CONGTHUC VALUES('Salad Luang Prabang', 'Gia vi')
INSERT INTO CONGTHUC VALUES('Salad Luang Prabang', 'Sot mayo')
INSERT INTO CONGTHUC VALUES('Canh ga gion', 'Thit ga')
INSERT INTO CONGTHUC VALUES('Canh ga gion', 'Tuong ot')
INSERT INTO CONGTHUC VALUES('Canh ga gion', 'Ketchup')
INSERT INTO CONGTHUC VALUES('Canh ga gion', 'Gia vi')
INSERT INTO CONGTHUC VALUES('Canh ga gion', 'Sot thai')
INSERT INTO CONGTHUC VALUES('Canh ga gion', 'Bot chien')
INSERT INTO CONGTHUC VALUES('Cari xanh ga', 'Thit ga')
INSERT INTO CONGTHUC VALUES('Cari xanh ga', 'Cari')
INSERT INTO CONGTHUC VALUES('Cari xanh ga', 'Rau thom')
INSERT INTO CONGTHUC VALUES('Cari xanh ga', 'Rau bap cai')
INSERT INTO CONGTHUC VALUES('Goi hai san', 'Gia vi')
INSERT INTO CONGTHUC VALUES('Goi hai san', 'Muc')
INSERT INTO CONGTHUC VALUES('Goi hai san', 'Rau thom')
INSERT INTO CONGTHUC VALUES('Goi hai san', 'Ca rot')
INSERT INTO CONGTHUC VALUES('Goi hai san', 'Sot thai')
INSERT INTO CONGTHUC VALUES('Goi xoai ca chien xu', 'Xoai')
INSERT INTO CONGTHUC VALUES('Goi xoai ca chien xu', 'Ca')
INSERT INTO CONGTHUC VALUES('Goi xoai ca chien xu', 'Tuong dau')
INSERT INTO CONGTHUC VALUES('Goi xoai ca chien xu', 'Bot chien')
INSERT INTO CONGTHUC VALUES('Goi xoai ca chien xu', 'Gia vi')
INSERT INTO CONGTHUC VALUES('Lap ca', 'Ca')
INSERT INTO CONGTHUC VALUES('Lap ca', 'Tuong dau')
INSERT INTO CONGTHUC VALUES('Lap ca', 'Gia vi')
INSERT INTO CONGTHUC VALUES('Lap ma heo nuong', 'Thit heo')
INSERT INTO CONGTHUC VALUES('Lap ma heo nuong', 'Ketchup')
INSERT INTO CONGTHUC VALUES('Lap ma heo nuong', 'Tuong ot')
INSERT INTO CONGTHUC VALUES('Lap ma heo nuong', 'Gia vi')
INSERT INTO CONGTHUC VALUES('Lap vit', 'Thit vit')
INSERT INTO CONGTHUC VALUES('Lap vit', 'Gia vi')
INSERT INTO CONGTHUC VALUES('Lap bo', 'Thit bo')
INSERT INTO CONGTHUC VALUES('Lap bo', 'Gia vi')
INSERT INTO CONGTHUC VALUES('Lap ga', 'Thit ga')
INSERT INTO CONGTHUC VALUES('Lap ga', 'Gia vi')
INSERT INTO CONGTHUC VALUES('Muc chien gion', 'Muc')
INSERT INTO CONGTHUC VALUES('Muc chien gion', 'Tuong ot')
INSERT INTO CONGTHUC VALUES('Muc chien gion', 'Bot chien')
INSERT INTO CONGTHUC VALUES('Dui ga Tomyum', 'Thit ga')
INSERT INTO CONGTHUC VALUES('Dui ga Tomyum', 'Gia vi')
INSERT INTO CONGTHUC VALUES('Xoi lao', 'Gao nep')
INSERT INTO CONGTHUC VALUES('Heo cuon xa', 'Thit heo')
INSERT INTO CONGTHUC VALUES('Heo cuon xa', 'Gia vi')
INSERT INTO CONGTHUC VALUES('Heo cuon xa', 'Rau thom')
INSERT INTO CONGTHUC VALUES('Tom chien trung muoi', 'Tom')
INSERT INTO CONGTHUC VALUES('Tom chien trung muoi', 'Trung')
INSERT INTO CONGTHUC VALUES('Tom chien trung muoi', 'Gia vi')
INSERT INTO CONGTHUC VALUES('Muc pat trung muoi', 'Muc')
INSERT INTO CONGTHUC VALUES('Muc pat trung muoi', 'Trung')
INSERT INTO CONGTHUC VALUES('Muc pat trung muoi', 'Gia vi')
INSERT INTO CONGTHUC VALUES('Ca Mekong gac bep', 'Ca')
INSERT INTO CONGTHUC VALUES('Ca Mekong gac bep', 'Gia vi')
INSERT INTO CONGTHUC VALUES('Tom cuon tau hu ky', 'Tom')
INSERT INTO CONGTHUC VALUES('Tom cuon tau hu ky', 'Gia vi')
INSERT INTO CONGTHUC VALUES('Tom cuon tau hu ky', 'Mam')
INSERT INTO CONGTHUC VALUES('Tom cuon tau hu ky', 'Tuong dau')
INSERT INTO CONGTHUC VALUES('Tom cuon tau hu ky', 'Dau phu')
INSERT INTO CONGTHUC VALUES('Tom sot ot Winai', 'Tom')
INSERT INTO CONGTHUC VALUES('Tom sot ot Winai', 'Sot Winai')
INSERT INTO CONGTHUC VALUES('Rau muong xao cay', 'Rau muong')
INSERT INTO CONGTHUC VALUES('Rau muong xao cay', 'Gia vi')
INSERT INTO CONGTHUC VALUES('Rau muong xao sot Winai', 'Rau muong')
INSERT INTO CONGTHUC VALUES('Rau muong xao sot Winai', 'Mam')
INSERT INTO CONGTHUC VALUES('Rau muong xao sot Winai', 'Sot Winai')
INSERT INTO CONGTHUC VALUES('Ca pat can tay', 'Ca')
INSERT INTO CONGTHUC VALUES('Ca pat can tay', 'Mam')
INSERT INTO CONGTHUC VALUES('Ca pat can tay', 'Sot thai')
INSERT INTO CONGTHUC VALUES('Ca pat can tay', 'Rau bap cai')
INSERT INTO CONGTHUC VALUES('Ca pat can tay', 'Gia vi')
INSERT INTO CONGTHUC VALUES('Bo pat tieu den', 'Thit bo')
INSERT INTO CONGTHUC VALUES('Bo pat tieu den', 'Gia vi')
INSERT INTO CONGTHUC VALUES('Cari xanh bo', 'Thit bo')
INSERT INTO CONGTHUC VALUES('Cari xanh bo', 'Cari')
INSERT INTO CONGTHUC VALUES('Tam trung muoi', 'Ca')
INSERT INTO CONGTHUC VALUES('Tam trung muoi', 'Sot thai')
INSERT INTO CONGTHUC VALUES('Tam trung muoi', 'Rau bap cai')

-----------------------------------------------------------------------
--KHO HÀNG
INSERT INTO KHOHANG VALUES('Thit bo', 'Kg', 20)
INSERT INTO KHOHANG VALUES('Thit ga',  'Kg', 35)
INSERT INTO KHOHANG VALUES('Thit heo','Kg', 40)
INSERT INTO KHOHANG VALUES('Thit vit', 'Kg', 30)
INSERT INTO KHOHANG VALUES('Muc', 'Kg', 7)
INSERT INTO KHOHANG VALUES('Ca', 'Kg', 50)
INSERT INTO KHOHANG VALUES('Tom', 'Kg', 19)
INSERT INTO KHOHANG VALUES('Ngao', 'Kg', 10)
INSERT INTO KHOHANG VALUES('Trung', 'Qua', 100)
INSERT INTO KHOHANG VALUES('Xoai','Kg', 6)
INSERT INTO KHOHANG VALUES('Nam', 'Kg', 14)
INSERT INTO KHOHANG VALUES('Ca rot', 'Kg', 16)
INSERT INTO KHOHANG VALUES('Rau bap cai', 'Kg', 10)
INSERT INTO KHOHANG VALUES('Rau thom', 'Kg', 24)
INSERT INTO KHOHANG VALUES('Rau salad', 'Kg', 10)
INSERT INTO KHOHANG VALUES('Rau muong', 'Kg', 9)
INSERT INTO KHOHANG VALUES('Bot chien', 'Kg', 13)
INSERT INTO KHOHANG VALUES('Gao nep', 'Kg', 15)
INSERT INTO KHOHANG VALUES('Dau phu', 'Kg', 5)
INSERT INTO KHOHANG VALUES('Gia vi', 'Thung', 10)
INSERT INTO KHOHANG VALUES('Cari', 'Kg', 10)
INSERT INTO KHOHANG VALUES('Sot Laos', 'Lit', 10)
INSERT INTO KHOHANG VALUES('Sot Winai', 'Lit', 11)
INSERT INTO KHOHANG VALUES('Sot Thai', 'Lit', 12) 
INSERT INTO KHOHANG VALUES('Sot mayo', 'Thung', 2)
INSERT INTO KHOHANG VALUES('Tuong ot', 'Thung', 2)
INSERT INTO KHOHANG VALUES('Mam', 'Chai', 25)
INSERT INTO KHOHANG VALUES('Ketchup','Thung', 2)
INSERT INTO KHOHANG VALUES('Tuong dau','Thung', 2)
INSERT INTO KHOHANG VALUES('Dau an','Thung', 3)

-----------------------------------------------------------------------
--CHI TIÊU 
INSERT INTO CHI_TIEU VALUES('2021-02-01','QL1','Thit bo','Kg',20,2000000)
INSERT INTO CHI_TIEU VALUES('2021-02-02','QL1','Thit ga','Kg',10,1300000)
INSERT INTO CHI_TIEU VALUES('2021-02-03','QL1','Tom','Kg',10,3500000)
INSERT INTO CHI_TIEU VALUES('2021-02-04','QL1','Ngao','Kg',5,600000)
INSERT INTO CHI_TIEU VALUES('2021-02-05','QL1','Nam','Kg',15,800000)
INSERT INTO CHI_TIEU VALUES('2021-02-06','QL1','Rau muong','Kg',10,200000)
INSERT INTO CHI_TIEU VALUES('2021-02-07','QL1','Cari','Kg',10,1000000)
INSERT INTO CHI_TIEU VALUES('2021-02-12','QL1','Sot Thai','Lit',15,1400000)
INSERT INTO CHI_TIEU VALUES('2021-02-18','QL1','Tuong ot','Thung',10,600000)
INSERT INTO CHI_TIEU VALUES('2021-02-21','QL2','Muc','Kg',10,3000000)
INSERT INTO CHI_TIEU VALUES('2021-03-01','QL2','Bot chien','Kg',15,150000)
INSERT INTO CHI_TIEU VALUES('2021-03-02','QL2','Sot mayo','Thung',2,600000)
INSERT INTO CHI_TIEU VALUES('2021-03-03','QL2','Dau phu','Kg',5,70000)
INSERT INTO CHI_TIEU VALUES('2021-03-04','QL3','Ca rot','Kg',16,150000)
INSERT INTO CHI_TIEU VALUES('2021-03-05','QL3','Rau bap cai','Kg',10,100000)
INSERT INTO CHI_TIEU VALUES('2021-03-06','QL3','Dau an','Thung',3,500000)
INSERT INTO CHI_TIEU VALUES('2021-03-07','QL3','Xoai','Kg',6,180000)
INSERT INTO CHI_TIEU VALUES('2021-03-08','QL3','Sot Winai','Lit',11,110000)
INSERT INTO CHI_TIEU VALUES('2021-03-09','QL3','Rau salad','Kg',10,200000)
INSERT INTO CHI_TIEU VALUES('2021-03-10','QL3','Sot Laos','Lit',10,400000)
INSERT INTO CHI_TIEU VALUES('2021-03-11','QL3','Rau thom','Kg',24,240000)
INSERT INTO CHI_TIEU VALUES('2021-03-12','QL3','Gia vi','Thung',10,100000)
INSERT INTO CHI_TIEU VALUES('2021-03-15','QL3','Tuong dau','Thung',2,200000)
INSERT INTO CHI_TIEU VALUES('2021-03-17','QL1','Ca','Kg',50,5000000)
INSERT INTO CHI_TIEU VALUES('2021-03-18','QL2','Thit heo','Kg',20,2000000)
INSERT INTO CHI_TIEU VALUES('2021-03-20','QL2','Thit vit','Kg',30,1500000)
INSERT INTO CHI_TIEU VALUES('2021-03-22','QL2','Trung','Qua',100,1000000)
INSERT INTO CHI_TIEU VALUES('2021-03-27','QL2','Mam','Chai',25,800000)
INSERT INTO CHI_TIEU VALUES('2021-03-27','QL2','Gao nep','Kg',15,300000)
INSERT INTO CHI_TIEU VALUES('2021-03-30','QL2','Ketchup','Thung',2,300000)

-----------------------------------------------------------------------
--BÀN
INSERT INTO BAN VALUES(2,1,0)
INSERT INTO BAN VALUES(2,1,1)
INSERT INTO BAN VALUES(4,1,0)
INSERT INTO BAN VALUES(4,1,0)
INSERT INTO BAN VALUES(6,1,1)
INSERT INTO BAN VALUES(6,1,1)
INSERT INTO BAN VALUES(8,1,1)
INSERT INTO BAN VALUES(8,1,0)
INSERT INTO BAN VALUES(2,2,0)
INSERT INTO BAN VALUES(4,2,1)
INSERT INTO BAN VALUES(4,2,0)
INSERT INTO BAN VALUES(6,2,0)
INSERT INTO BAN VALUES(6,2,1)
INSERT INTO BAN VALUES(8,2,1)
INSERT INTO BAN VALUES(8,2,1)

-----------------------------------------------------------------------
--CHI TIẾT BÀN
INSERT INTO CHI_TIET_BAN VALUES(1, '2021-04-01', '11:0:0', 0)
INSERT INTO CHI_TIET_BAN VALUES(1, '2021-04-01', '13:0:0', 0)
INSERT INTO CHI_TIET_BAN VALUES(1, '2021-04-01', '15:0:0', 0)
INSERT INTO CHI_TIET_BAN VALUES(1, '2021-04-01', '17:0:0', 0)
INSERT INTO CHI_TIET_BAN VALUES(1, '2021-04-01', '19:0:0', 0)
INSERT INTO CHI_TIET_BAN VALUES(1, '2021-04-01', '21:0:0', 0)
INSERT INTO CHI_TIET_BAN VALUES(1, '2021-04-02', '11:0:0', 0)
INSERT INTO CHI_TIET_BAN VALUES(1, '2021-04-02', '13:0:0', 0)
INSERT INTO CHI_TIET_BAN VALUES(1, '2021-04-02', '15:0:0', 0)
INSERT INTO CHI_TIET_BAN VALUES(1, '2021-04-02', '17:0:0', 0)
INSERT INTO CHI_TIET_BAN VALUES(1, '2021-04-02', '19:0:0', 0)
INSERT INTO CHI_TIET_BAN VALUES(1, '2021-04-02', '21:0:0', 0)
INSERT INTO CHI_TIET_BAN VALUES(1, '2021-04-03', '11:0:0', 0)
INSERT INTO CHI_TIET_BAN VALUES(1, '2021-04-03', '13:0:0', 0)
INSERT INTO CHI_TIET_BAN VALUES(1, '2021-04-03', '15:0:0', 0)
INSERT INTO CHI_TIET_BAN VALUES(1, '2021-04-03', '17:0:0', 0)
INSERT INTO CHI_TIET_BAN VALUES(1, '2021-04-03', '19:0:0', 0)
INSERT INTO CHI_TIET_BAN VALUES(1, '2021-04-03', '21:0:0', 0)
INSERT INTO CHI_TIET_BAN VALUES(1, '2021-04-04', '11:0:0', 0)
INSERT INTO CHI_TIET_BAN VALUES(1, '2021-04-04', '13:0:0', 0)
INSERT INTO CHI_TIET_BAN VALUES(1, '2021-04-04', '15:0:0', 0)
INSERT INTO CHI_TIET_BAN VALUES(1, '2021-04-04', '17:0:0', 0)
INSERT INTO CHI_TIET_BAN VALUES(1, '2021-04-04', '19:0:0', 0)
INSERT INTO CHI_TIET_BAN VALUES(1, '2021-04-04', '21:0:0', 0)
INSERT INTO CHI_TIET_BAN VALUES(2, '2021-04-01', '11:0:0', 0)
INSERT INTO CHI_TIET_BAN VALUES(2, '2021-04-01', '13:0:0', 0)
INSERT INTO CHI_TIET_BAN VALUES(2, '2021-04-01', '15:0:0', 0)
INSERT INTO CHI_TIET_BAN VALUES(2, '2021-04-01', '17:0:0', 0)
INSERT INTO CHI_TIET_BAN VALUES(2, '2021-04-01', '19:0:0', 0)
INSERT INTO CHI_TIET_BAN VALUES(2, '2021-04-01', '21:0:0', 0)
INSERT INTO CHI_TIET_BAN VALUES(2, '2021-04-02', '11:0:0', 0)
INSERT INTO CHI_TIET_BAN VALUES(2, '2021-04-02', '13:0:0', 0)
INSERT INTO CHI_TIET_BAN VALUES(2, '2021-04-02', '15:0:0', 0)
INSERT INTO CHI_TIET_BAN VALUES(2, '2021-04-02', '17:0:0', 0)
INSERT INTO CHI_TIET_BAN VALUES(2, '2021-04-02', '19:0:0', 0)
INSERT INTO CHI_TIET_BAN VALUES(2, '2021-04-02', '21:0:0', 0)
INSERT INTO CHI_TIET_BAN VALUES(2, '2021-04-03', '11:0:0', 0)
INSERT INTO CHI_TIET_BAN VALUES(2, '2021-04-03', '13:0:0', 0)
INSERT INTO CHI_TIET_BAN VALUES(2, '2021-04-03', '15:0:0', 0)
INSERT INTO CHI_TIET_BAN VALUES(2, '2021-04-03', '17:0:0', 0)
INSERT INTO CHI_TIET_BAN VALUES(2, '2021-04-03', '19:0:0', 0)
INSERT INTO CHI_TIET_BAN VALUES(2, '2021-04-03', '21:0:0', 0)
INSERT INTO CHI_TIET_BAN VALUES(2, '2021-04-04', '11:0:0', 0)
INSERT INTO CHI_TIET_BAN VALUES(2, '2021-04-04', '13:0:0', 0)
INSERT INTO CHI_TIET_BAN VALUES(2, '2021-04-04', '15:0:0', 0)
INSERT INTO CHI_TIET_BAN VALUES(2, '2021-04-04', '17:0:0', 0)
INSERT INTO CHI_TIET_BAN VALUES(2, '2021-04-04', '19:0:0', 0)
INSERT INTO CHI_TIET_BAN VALUES(2, '2021-04-04', '21:0:0', 0)
INSERT INTO CHI_TIET_BAN VALUES(3, '2021-04-01', '11:0:0', 0)
INSERT INTO CHI_TIET_BAN VALUES(3, '2021-04-01', '13:0:0', 0)
INSERT INTO CHI_TIET_BAN VALUES(3, '2021-04-01', '15:0:0', 0)
INSERT INTO CHI_TIET_BAN VALUES(3, '2021-04-01', '17:0:0', 0)
INSERT INTO CHI_TIET_BAN VALUES(3, '2021-04-01', '19:0:0', 0)
INSERT INTO CHI_TIET_BAN VALUES(3, '2021-04-01', '21:0:0', 0)
INSERT INTO CHI_TIET_BAN VALUES(3, '2021-04-02', '11:0:0', 0)
INSERT INTO CHI_TIET_BAN VALUES(3, '2021-04-02', '13:0:0', 0)
INSERT INTO CHI_TIET_BAN VALUES(3, '2021-04-02', '15:0:0', 0)
INSERT INTO CHI_TIET_BAN VALUES(3, '2021-04-02', '17:0:0', 0)
INSERT INTO CHI_TIET_BAN VALUES(3, '2021-04-02', '19:0:0', 0)
INSERT INTO CHI_TIET_BAN VALUES(3, '2021-04-02', '21:0:0', 0)
INSERT INTO CHI_TIET_BAN VALUES(3, '2021-04-03', '11:0:0', 0)
INSERT INTO CHI_TIET_BAN VALUES(3, '2021-04-03', '13:0:0', 0)
INSERT INTO CHI_TIET_BAN VALUES(3, '2021-04-03', '15:0:0', 0)
INSERT INTO CHI_TIET_BAN VALUES(3, '2021-04-03', '17:0:0', 0)
INSERT INTO CHI_TIET_BAN VALUES(3, '2021-04-03', '19:0:0', 0)
INSERT INTO CHI_TIET_BAN VALUES(3, '2021-04-03', '21:0:0', 0)
INSERT INTO CHI_TIET_BAN VALUES(3, '2021-04-04', '11:0:0', 0)
INSERT INTO CHI_TIET_BAN VALUES(3, '2021-04-04', '13:0:0', 0)
INSERT INTO CHI_TIET_BAN VALUES(3, '2021-04-04', '15:0:0', 0)
INSERT INTO CHI_TIET_BAN VALUES(3, '2021-04-04', '17:0:0', 0)
INSERT INTO CHI_TIET_BAN VALUES(3, '2021-04-04', '19:0:0', 0)
INSERT INTO CHI_TIET_BAN VALUES(3, '2021-04-04', '21:0:0', 0)
INSERT INTO CHI_TIET_BAN VALUES(4, '2021-04-01', '11:0:0', 0)
INSERT INTO CHI_TIET_BAN VALUES(4, '2021-04-01', '13:0:0', 0)
INSERT INTO CHI_TIET_BAN VALUES(4, '2021-04-01', '15:0:0', 0)
INSERT INTO CHI_TIET_BAN VALUES(4, '2021-04-01', '17:0:0', 0)
INSERT INTO CHI_TIET_BAN VALUES(4, '2021-04-01', '19:0:0', 0)
INSERT INTO CHI_TIET_BAN VALUES(4, '2021-04-01', '21:0:0', 0)
INSERT INTO CHI_TIET_BAN VALUES(4, '2021-04-02', '11:0:0', 0)
INSERT INTO CHI_TIET_BAN VALUES(4, '2021-04-02', '13:0:0', 0)
INSERT INTO CHI_TIET_BAN VALUES(4, '2021-04-02', '15:0:0', 0)
INSERT INTO CHI_TIET_BAN VALUES(4, '2021-04-02', '17:0:0', 0)
INSERT INTO CHI_TIET_BAN VALUES(4, '2021-04-02', '19:0:0', 0)
INSERT INTO CHI_TIET_BAN VALUES(4, '2021-04-02', '21:0:0', 0)
INSERT INTO CHI_TIET_BAN VALUES(4, '2021-04-03', '11:0:0', 0)
INSERT INTO CHI_TIET_BAN VALUES(4, '2021-04-03', '13:0:0', 0)
INSERT INTO CHI_TIET_BAN VALUES(4, '2021-04-03', '15:0:0', 0)
INSERT INTO CHI_TIET_BAN VALUES(4, '2021-04-03', '17:0:0', 0)
INSERT INTO CHI_TIET_BAN VALUES(4, '2021-04-03', '19:0:0', 0)
INSERT INTO CHI_TIET_BAN VALUES(4, '2021-04-03', '21:0:0', 0)
INSERT INTO CHI_TIET_BAN VALUES(4, '2021-04-04', '11:0:0', 0)
INSERT INTO CHI_TIET_BAN VALUES(4, '2021-04-04', '13:0:0', 0)
INSERT INTO CHI_TIET_BAN VALUES(4, '2021-04-04', '15:0:0', 0)
INSERT INTO CHI_TIET_BAN VALUES(4, '2021-04-04', '17:0:0', 0)
INSERT INTO CHI_TIET_BAN VALUES(4, '2021-04-04', '19:0:0', 0)
INSERT INTO CHI_TIET_BAN VALUES(4, '2021-04-04', '21:0:0', 0)
INSERT INTO CHI_TIET_BAN VALUES(5, '2021-04-01', '11:0:0', 0)
INSERT INTO CHI_TIET_BAN VALUES(5, '2021-04-01', '13:0:0', 0)
INSERT INTO CHI_TIET_BAN VALUES(5, '2021-04-01', '15:0:0', 0)
INSERT INTO CHI_TIET_BAN VALUES(5, '2021-04-01', '17:0:0', 0)
INSERT INTO CHI_TIET_BAN VALUES(5, '2021-04-01', '19:0:0', 0)
INSERT INTO CHI_TIET_BAN VALUES(5, '2021-04-01', '21:0:0', 0)
INSERT INTO CHI_TIET_BAN VALUES(5, '2021-04-02', '11:0:0', 0)
INSERT INTO CHI_TIET_BAN VALUES(5, '2021-04-02', '13:0:0', 0)
INSERT INTO CHI_TIET_BAN VALUES(5, '2021-04-02', '15:0:0', 0)
INSERT INTO CHI_TIET_BAN VALUES(5, '2021-04-02', '17:0:0', 0)
INSERT INTO CHI_TIET_BAN VALUES(5, '2021-04-02', '19:0:0', 0)
INSERT INTO CHI_TIET_BAN VALUES(5, '2021-04-02', '21:0:0', 0)
INSERT INTO CHI_TIET_BAN VALUES(5, '2021-04-03', '11:0:0', 0)
INSERT INTO CHI_TIET_BAN VALUES(5, '2021-04-03', '13:0:0', 0)
INSERT INTO CHI_TIET_BAN VALUES(5, '2021-04-03', '15:0:0', 0)
INSERT INTO CHI_TIET_BAN VALUES(5, '2021-04-03', '17:0:0', 0)
INSERT INTO CHI_TIET_BAN VALUES(5, '2021-04-03', '19:0:0', 0)
INSERT INTO CHI_TIET_BAN VALUES(5, '2021-04-03', '21:0:0', 0)
INSERT INTO CHI_TIET_BAN VALUES(5, '2021-04-04', '11:0:0', 0)
INSERT INTO CHI_TIET_BAN VALUES(5, '2021-04-04', '13:0:0', 0)
INSERT INTO CHI_TIET_BAN VALUES(5, '2021-04-04', '15:0:0', 0)
INSERT INTO CHI_TIET_BAN VALUES(5, '2021-04-04', '17:0:0', 0)
INSERT INTO CHI_TIET_BAN VALUES(5, '2021-04-04', '19:0:0', 0)
INSERT INTO CHI_TIET_BAN VALUES(5, '2021-04-04', '21:0:0', 0)
INSERT INTO CHI_TIET_BAN VALUES(6, '2021-04-01', '11:0:0', 0)
INSERT INTO CHI_TIET_BAN VALUES(6, '2021-04-01', '13:0:0', 0)
INSERT INTO CHI_TIET_BAN VALUES(6, '2021-04-01', '15:0:0', 0)
INSERT INTO CHI_TIET_BAN VALUES(6, '2021-04-01', '17:0:0', 0)
INSERT INTO CHI_TIET_BAN VALUES(6, '2021-04-01', '19:0:0', 0)
INSERT INTO CHI_TIET_BAN VALUES(6, '2021-04-01', '21:0:0', 0)
INSERT INTO CHI_TIET_BAN VALUES(6, '2021-04-02', '11:0:0', 0)
INSERT INTO CHI_TIET_BAN VALUES(6, '2021-04-02', '13:0:0', 0)
INSERT INTO CHI_TIET_BAN VALUES(6, '2021-04-02', '15:0:0', 0)
INSERT INTO CHI_TIET_BAN VALUES(6, '2021-04-02', '17:0:0', 0)
INSERT INTO CHI_TIET_BAN VALUES(6, '2021-04-02', '19:0:0', 0)
INSERT INTO CHI_TIET_BAN VALUES(6, '2021-04-02', '21:0:0', 0)
INSERT INTO CHI_TIET_BAN VALUES(6, '2021-04-03', '11:0:0', 0)
INSERT INTO CHI_TIET_BAN VALUES(6, '2021-04-03', '13:0:0', 0)
INSERT INTO CHI_TIET_BAN VALUES(6, '2021-04-03', '15:0:0', 0)
INSERT INTO CHI_TIET_BAN VALUES(6, '2021-04-03', '17:0:0', 0)
INSERT INTO CHI_TIET_BAN VALUES(6, '2021-04-03', '19:0:0', 0)
INSERT INTO CHI_TIET_BAN VALUES(6, '2021-04-03', '21:0:0', 0)
INSERT INTO CHI_TIET_BAN VALUES(6, '2021-04-04', '11:0:0', 0)
INSERT INTO CHI_TIET_BAN VALUES(6, '2021-04-04', '13:0:0', 0)
INSERT INTO CHI_TIET_BAN VALUES(6, '2021-04-04', '15:0:0', 0)
INSERT INTO CHI_TIET_BAN VALUES(6, '2021-04-04', '17:0:0', 0)
INSERT INTO CHI_TIET_BAN VALUES(6, '2021-04-04', '19:0:0', 0)
INSERT INTO CHI_TIET_BAN VALUES(6, '2021-04-04', '21:0:0', 0)
INSERT INTO CHI_TIET_BAN VALUES(7, '2021-04-01', '11:0:0', 0)
INSERT INTO CHI_TIET_BAN VALUES(7, '2021-04-01', '13:0:0', 0)
INSERT INTO CHI_TIET_BAN VALUES(7, '2021-04-01', '15:0:0', 0)
INSERT INTO CHI_TIET_BAN VALUES(7, '2021-04-01', '17:0:0', 0)
INSERT INTO CHI_TIET_BAN VALUES(7, '2021-04-01', '19:0:0', 0)
INSERT INTO CHI_TIET_BAN VALUES(7, '2021-04-01', '21:0:0', 0)
INSERT INTO CHI_TIET_BAN VALUES(7, '2021-04-02', '11:0:0', 0)
INSERT INTO CHI_TIET_BAN VALUES(7, '2021-04-02', '13:0:0', 0)
INSERT INTO CHI_TIET_BAN VALUES(7, '2021-04-02', '15:0:0', 0)
INSERT INTO CHI_TIET_BAN VALUES(7, '2021-04-02', '17:0:0', 0)
INSERT INTO CHI_TIET_BAN VALUES(7, '2021-04-02', '19:0:0', 0)
INSERT INTO CHI_TIET_BAN VALUES(7, '2021-04-02', '21:0:0', 0)
INSERT INTO CHI_TIET_BAN VALUES(7, '2021-04-03', '11:0:0', 0)
INSERT INTO CHI_TIET_BAN VALUES(7, '2021-04-03', '13:0:0', 0)
INSERT INTO CHI_TIET_BAN VALUES(7, '2021-04-03', '15:0:0', 0)
INSERT INTO CHI_TIET_BAN VALUES(7, '2021-04-03', '17:0:0', 0)
INSERT INTO CHI_TIET_BAN VALUES(7, '2021-04-03', '19:0:0', 0)
INSERT INTO CHI_TIET_BAN VALUES(7, '2021-04-03', '21:0:0', 0)
INSERT INTO CHI_TIET_BAN VALUES(7, '2021-04-04', '11:0:0', 0)
INSERT INTO CHI_TIET_BAN VALUES(7, '2021-04-04', '13:0:0', 0)
INSERT INTO CHI_TIET_BAN VALUES(7, '2021-04-04', '15:0:0', 0)
INSERT INTO CHI_TIET_BAN VALUES(7, '2021-04-04', '17:0:0', 0)
INSERT INTO CHI_TIET_BAN VALUES(7, '2021-04-04', '19:0:0', 0)
INSERT INTO CHI_TIET_BAN VALUES(7, '2021-04-04', '21:0:0', 0)
INSERT INTO CHI_TIET_BAN VALUES(8, '2021-04-01', '11:0:0', 0)
INSERT INTO CHI_TIET_BAN VALUES(8, '2021-04-01', '13:0:0', 0)
INSERT INTO CHI_TIET_BAN VALUES(8, '2021-04-01', '15:0:0', 0)
INSERT INTO CHI_TIET_BAN VALUES(8, '2021-04-01', '17:0:0', 0)
INSERT INTO CHI_TIET_BAN VALUES(8, '2021-04-01', '19:0:0', 0)
INSERT INTO CHI_TIET_BAN VALUES(8, '2021-04-01', '21:0:0', 0)
INSERT INTO CHI_TIET_BAN VALUES(8, '2021-04-02', '11:0:0', 0)
INSERT INTO CHI_TIET_BAN VALUES(8, '2021-04-02', '13:0:0', 0)
INSERT INTO CHI_TIET_BAN VALUES(8, '2021-04-02', '15:0:0', 0)
INSERT INTO CHI_TIET_BAN VALUES(8, '2021-04-02', '17:0:0', 0)
INSERT INTO CHI_TIET_BAN VALUES(8, '2021-04-02', '19:0:0', 0)
INSERT INTO CHI_TIET_BAN VALUES(8, '2021-04-02', '21:0:0', 0)
INSERT INTO CHI_TIET_BAN VALUES(8, '2021-04-03', '11:0:0', 0)
INSERT INTO CHI_TIET_BAN VALUES(8, '2021-04-03', '13:0:0', 0)
INSERT INTO CHI_TIET_BAN VALUES(8, '2021-04-03', '15:0:0', 0)
INSERT INTO CHI_TIET_BAN VALUES(8, '2021-04-03', '17:0:0', 0)
INSERT INTO CHI_TIET_BAN VALUES(8, '2021-04-03', '19:0:0', 0)
INSERT INTO CHI_TIET_BAN VALUES(8, '2021-04-03', '21:0:0', 0)
INSERT INTO CHI_TIET_BAN VALUES(8, '2021-04-04', '11:0:0', 0)
INSERT INTO CHI_TIET_BAN VALUES(8, '2021-04-04', '13:0:0', 0)
INSERT INTO CHI_TIET_BAN VALUES(8, '2021-04-04', '15:0:0', 0)
INSERT INTO CHI_TIET_BAN VALUES(8, '2021-04-04', '17:0:0', 0)
INSERT INTO CHI_TIET_BAN VALUES(8, '2021-04-04', '19:0:0', 0)
INSERT INTO CHI_TIET_BAN VALUES(8, '2021-04-04', '21:0:0', 0)
INSERT INTO CHI_TIET_BAN VALUES(9, '2021-04-01', '11:0:0', 0)
INSERT INTO CHI_TIET_BAN VALUES(9, '2021-04-01', '13:0:0', 0)
INSERT INTO CHI_TIET_BAN VALUES(9, '2021-04-01', '15:0:0', 0)
INSERT INTO CHI_TIET_BAN VALUES(9, '2021-04-01', '17:0:0', 0)
INSERT INTO CHI_TIET_BAN VALUES(9, '2021-04-01', '19:0:0', 0)
INSERT INTO CHI_TIET_BAN VALUES(9, '2021-04-01', '21:0:0', 0)
INSERT INTO CHI_TIET_BAN VALUES(9, '2021-04-02', '11:0:0', 0)
INSERT INTO CHI_TIET_BAN VALUES(9, '2021-04-02', '13:0:0', 0)
INSERT INTO CHI_TIET_BAN VALUES(9, '2021-04-02', '15:0:0', 0)
INSERT INTO CHI_TIET_BAN VALUES(9, '2021-04-02', '17:0:0', 0)
INSERT INTO CHI_TIET_BAN VALUES(9, '2021-04-02', '19:0:0', 0)
INSERT INTO CHI_TIET_BAN VALUES(9, '2021-04-02', '21:0:0', 0)
INSERT INTO CHI_TIET_BAN VALUES(9, '2021-04-03', '11:0:0', 0)
INSERT INTO CHI_TIET_BAN VALUES(9, '2021-04-03', '13:0:0', 0)
INSERT INTO CHI_TIET_BAN VALUES(9, '2021-04-03', '15:0:0', 0)
INSERT INTO CHI_TIET_BAN VALUES(9, '2021-04-03', '17:0:0', 0)
INSERT INTO CHI_TIET_BAN VALUES(9, '2021-04-03', '19:0:0', 0)
INSERT INTO CHI_TIET_BAN VALUES(9, '2021-04-03', '21:0:0', 0)
INSERT INTO CHI_TIET_BAN VALUES(9, '2021-04-04', '11:0:0', 0)
INSERT INTO CHI_TIET_BAN VALUES(9, '2021-04-04', '13:0:0', 0)
INSERT INTO CHI_TIET_BAN VALUES(9, '2021-04-04', '15:0:0', 0)
INSERT INTO CHI_TIET_BAN VALUES(9, '2021-04-04', '17:0:0', 0)
INSERT INTO CHI_TIET_BAN VALUES(9, '2021-04-04', '19:0:0', 0)
INSERT INTO CHI_TIET_BAN VALUES(9, '2021-04-04', '21:0:0', 0)
INSERT INTO CHI_TIET_BAN VALUES(10, '2021-04-01', '11:0:0', 0)
INSERT INTO CHI_TIET_BAN VALUES(10, '2021-04-01', '13:0:0', 0)
INSERT INTO CHI_TIET_BAN VALUES(10, '2021-04-01', '15:0:0', 0)
INSERT INTO CHI_TIET_BAN VALUES(10, '2021-04-01', '17:0:0', 0)
INSERT INTO CHI_TIET_BAN VALUES(10, '2021-04-01', '19:0:0', 0)
INSERT INTO CHI_TIET_BAN VALUES(10, '2021-04-01', '21:0:0', 0)
INSERT INTO CHI_TIET_BAN VALUES(10, '2021-04-02', '11:0:0', 0)
INSERT INTO CHI_TIET_BAN VALUES(10, '2021-04-02', '13:0:0', 0)
INSERT INTO CHI_TIET_BAN VALUES(10, '2021-04-02', '15:0:0', 0)
INSERT INTO CHI_TIET_BAN VALUES(10, '2021-04-02', '17:0:0', 0)
INSERT INTO CHI_TIET_BAN VALUES(10, '2021-04-02', '19:0:0', 0)
INSERT INTO CHI_TIET_BAN VALUES(10, '2021-04-02', '21:0:0', 0)
INSERT INTO CHI_TIET_BAN VALUES(10, '2021-04-03', '11:0:0', 0)
INSERT INTO CHI_TIET_BAN VALUES(10, '2021-04-03', '13:0:0', 0)
INSERT INTO CHI_TIET_BAN VALUES(10, '2021-04-03', '15:0:0', 0)
INSERT INTO CHI_TIET_BAN VALUES(10, '2021-04-03', '17:0:0', 0)
INSERT INTO CHI_TIET_BAN VALUES(10, '2021-04-03', '19:0:0', 0)
INSERT INTO CHI_TIET_BAN VALUES(10, '2021-04-03', '21:0:0', 0)
INSERT INTO CHI_TIET_BAN VALUES(10, '2021-04-04', '11:0:0', 0)
INSERT INTO CHI_TIET_BAN VALUES(10, '2021-04-04', '13:0:0', 0)
INSERT INTO CHI_TIET_BAN VALUES(10, '2021-04-04', '15:0:0', 0)
INSERT INTO CHI_TIET_BAN VALUES(10, '2021-04-04', '17:0:0', 0)
INSERT INTO CHI_TIET_BAN VALUES(10, '2021-04-04', '19:0:0', 0)
INSERT INTO CHI_TIET_BAN VALUES(10, '2021-04-04', '21:0:0', 0)
INSERT INTO CHI_TIET_BAN VALUES(11, '2021-04-01', '11:0:0', 0)
INSERT INTO CHI_TIET_BAN VALUES(11, '2021-04-01', '13:0:0', 0)
INSERT INTO CHI_TIET_BAN VALUES(11, '2021-04-01', '15:0:0', 0)
INSERT INTO CHI_TIET_BAN VALUES(11, '2021-04-01', '17:0:0', 0)
INSERT INTO CHI_TIET_BAN VALUES(11, '2021-04-01', '19:0:0', 0)
INSERT INTO CHI_TIET_BAN VALUES(11, '2021-04-01', '21:0:0', 0)
INSERT INTO CHI_TIET_BAN VALUES(11, '2021-04-02', '11:0:0', 0)
INSERT INTO CHI_TIET_BAN VALUES(11, '2021-04-02', '13:0:0', 0)
INSERT INTO CHI_TIET_BAN VALUES(11, '2021-04-02', '15:0:0', 0)
INSERT INTO CHI_TIET_BAN VALUES(11, '2021-04-02', '17:0:0', 0)
INSERT INTO CHI_TIET_BAN VALUES(11, '2021-04-02', '19:0:0', 0)
INSERT INTO CHI_TIET_BAN VALUES(11, '2021-04-02', '21:0:0', 0)
INSERT INTO CHI_TIET_BAN VALUES(11, '2021-04-03', '11:0:0', 0)
INSERT INTO CHI_TIET_BAN VALUES(11, '2021-04-03', '13:0:0', 0)
INSERT INTO CHI_TIET_BAN VALUES(11, '2021-04-03', '15:0:0', 0)
INSERT INTO CHI_TIET_BAN VALUES(11, '2021-04-03', '17:0:0', 0)
INSERT INTO CHI_TIET_BAN VALUES(11, '2021-04-03', '19:0:0', 0)
INSERT INTO CHI_TIET_BAN VALUES(11, '2021-04-03', '21:0:0', 0)
INSERT INTO CHI_TIET_BAN VALUES(11, '2021-04-04', '11:0:0', 0)
INSERT INTO CHI_TIET_BAN VALUES(11, '2021-04-04', '13:0:0', 0)
INSERT INTO CHI_TIET_BAN VALUES(11, '2021-04-04', '15:0:0', 0)
INSERT INTO CHI_TIET_BAN VALUES(11, '2021-04-04', '17:0:0', 0)
INSERT INTO CHI_TIET_BAN VALUES(11, '2021-04-04', '19:0:0', 0)
INSERT INTO CHI_TIET_BAN VALUES(11, '2021-04-04', '21:0:0', 0)
INSERT INTO CHI_TIET_BAN VALUES(12, '2021-04-01', '11:0:0', 0)
INSERT INTO CHI_TIET_BAN VALUES(12, '2021-04-01', '13:0:0', 0)
INSERT INTO CHI_TIET_BAN VALUES(12, '2021-04-01', '15:0:0', 0)
INSERT INTO CHI_TIET_BAN VALUES(12, '2021-04-01', '17:0:0', 0)
INSERT INTO CHI_TIET_BAN VALUES(12, '2021-04-01', '19:0:0', 0)
INSERT INTO CHI_TIET_BAN VALUES(12, '2021-04-01', '21:0:0', 0)
INSERT INTO CHI_TIET_BAN VALUES(12, '2021-04-02', '11:0:0', 0)
INSERT INTO CHI_TIET_BAN VALUES(12, '2021-04-02', '13:0:0', 0)
INSERT INTO CHI_TIET_BAN VALUES(12, '2021-04-02', '15:0:0', 0)
INSERT INTO CHI_TIET_BAN VALUES(12, '2021-04-02', '17:0:0', 0)
INSERT INTO CHI_TIET_BAN VALUES(12, '2021-04-02', '19:0:0', 0)
INSERT INTO CHI_TIET_BAN VALUES(12, '2021-04-02', '21:0:0', 0)
INSERT INTO CHI_TIET_BAN VALUES(12, '2021-04-03', '11:0:0', 0)
INSERT INTO CHI_TIET_BAN VALUES(12, '2021-04-03', '13:0:0', 0)
INSERT INTO CHI_TIET_BAN VALUES(12, '2021-04-03', '15:0:0', 0)
INSERT INTO CHI_TIET_BAN VALUES(12, '2021-04-03', '17:0:0', 0)
INSERT INTO CHI_TIET_BAN VALUES(12, '2021-04-03', '19:0:0', 0)
INSERT INTO CHI_TIET_BAN VALUES(12, '2021-04-03', '21:0:0', 0)
INSERT INTO CHI_TIET_BAN VALUES(12, '2021-04-04', '11:0:0', 0)
INSERT INTO CHI_TIET_BAN VALUES(12, '2021-04-04', '13:0:0', 0)
INSERT INTO CHI_TIET_BAN VALUES(12, '2021-04-04', '15:0:0', 0)
INSERT INTO CHI_TIET_BAN VALUES(12, '2021-04-04', '17:0:0', 0)
INSERT INTO CHI_TIET_BAN VALUES(12, '2021-04-04', '19:0:0', 0)
INSERT INTO CHI_TIET_BAN VALUES(12, '2021-04-04', '21:0:0', 0)
INSERT INTO CHI_TIET_BAN VALUES(13, '2021-04-01', '11:0:0', 0)
INSERT INTO CHI_TIET_BAN VALUES(13, '2021-04-01', '13:0:0', 0)
INSERT INTO CHI_TIET_BAN VALUES(13, '2021-04-01', '15:0:0', 0)
INSERT INTO CHI_TIET_BAN VALUES(13, '2021-04-01', '17:0:0', 0)
INSERT INTO CHI_TIET_BAN VALUES(13, '2021-04-01', '19:0:0', 0)
INSERT INTO CHI_TIET_BAN VALUES(13, '2021-04-01', '21:0:0', 0)
INSERT INTO CHI_TIET_BAN VALUES(13, '2021-04-02', '11:0:0', 0)
INSERT INTO CHI_TIET_BAN VALUES(13, '2021-04-02', '13:0:0', 0)
INSERT INTO CHI_TIET_BAN VALUES(13, '2021-04-02', '15:0:0', 0)
INSERT INTO CHI_TIET_BAN VALUES(13, '2021-04-02', '17:0:0', 0)
INSERT INTO CHI_TIET_BAN VALUES(13, '2021-04-02', '19:0:0', 0)
INSERT INTO CHI_TIET_BAN VALUES(13, '2021-04-02', '21:0:0', 0)
INSERT INTO CHI_TIET_BAN VALUES(13, '2021-04-03', '11:0:0', 0)
INSERT INTO CHI_TIET_BAN VALUES(13, '2021-04-03', '13:0:0', 0)
INSERT INTO CHI_TIET_BAN VALUES(13, '2021-04-03', '15:0:0', 0)
INSERT INTO CHI_TIET_BAN VALUES(13, '2021-04-03', '17:0:0', 0)
INSERT INTO CHI_TIET_BAN VALUES(13, '2021-04-03', '19:0:0', 0)
INSERT INTO CHI_TIET_BAN VALUES(13, '2021-04-03', '21:0:0', 0)
INSERT INTO CHI_TIET_BAN VALUES(13, '2021-04-04', '11:0:0', 0)
INSERT INTO CHI_TIET_BAN VALUES(13, '2021-04-04', '13:0:0', 0)
INSERT INTO CHI_TIET_BAN VALUES(13, '2021-04-04', '15:0:0', 0)
INSERT INTO CHI_TIET_BAN VALUES(13, '2021-04-04', '17:0:0', 0)
INSERT INTO CHI_TIET_BAN VALUES(13, '2021-04-04', '19:0:0', 0)
INSERT INTO CHI_TIET_BAN VALUES(13, '2021-04-04', '21:0:0', 0)
INSERT INTO CHI_TIET_BAN VALUES(14, '2021-04-01', '11:0:0', 0)
INSERT INTO CHI_TIET_BAN VALUES(14, '2021-04-01', '13:0:0', 0)
INSERT INTO CHI_TIET_BAN VALUES(14, '2021-04-01', '15:0:0', 0)
INSERT INTO CHI_TIET_BAN VALUES(14, '2021-04-01', '17:0:0', 0)
INSERT INTO CHI_TIET_BAN VALUES(14, '2021-04-01', '19:0:0', 0)
INSERT INTO CHI_TIET_BAN VALUES(14, '2021-04-01', '21:0:0', 0)
INSERT INTO CHI_TIET_BAN VALUES(14, '2021-04-02', '11:0:0', 0)
INSERT INTO CHI_TIET_BAN VALUES(14, '2021-04-02', '13:0:0', 0)
INSERT INTO CHI_TIET_BAN VALUES(14, '2021-04-02', '15:0:0', 0)
INSERT INTO CHI_TIET_BAN VALUES(14, '2021-04-02', '17:0:0', 0)
INSERT INTO CHI_TIET_BAN VALUES(14, '2021-04-02', '19:0:0', 0)
INSERT INTO CHI_TIET_BAN VALUES(14, '2021-04-02', '21:0:0', 0)
INSERT INTO CHI_TIET_BAN VALUES(14, '2021-04-03', '11:0:0', 0)
INSERT INTO CHI_TIET_BAN VALUES(14, '2021-04-03', '13:0:0', 0)
INSERT INTO CHI_TIET_BAN VALUES(14, '2021-04-03', '15:0:0', 0)
INSERT INTO CHI_TIET_BAN VALUES(14, '2021-04-03', '17:0:0', 0)
INSERT INTO CHI_TIET_BAN VALUES(14, '2021-04-03', '19:0:0', 0)
INSERT INTO CHI_TIET_BAN VALUES(14, '2021-04-03', '21:0:0', 0)
INSERT INTO CHI_TIET_BAN VALUES(14, '2021-04-04', '11:0:0', 0)
INSERT INTO CHI_TIET_BAN VALUES(14, '2021-04-04', '13:0:0', 0)
INSERT INTO CHI_TIET_BAN VALUES(14, '2021-04-04', '15:0:0', 0)
INSERT INTO CHI_TIET_BAN VALUES(14, '2021-04-04', '17:0:0', 0)
INSERT INTO CHI_TIET_BAN VALUES(14, '2021-04-04', '19:0:0', 0)
INSERT INTO CHI_TIET_BAN VALUES(14, '2021-04-04', '21:0:0', 0)
INSERT INTO CHI_TIET_BAN VALUES(15, '2021-04-01', '11:0:0', 0)
INSERT INTO CHI_TIET_BAN VALUES(15, '2021-04-01', '13:0:0', 0)
INSERT INTO CHI_TIET_BAN VALUES(15, '2021-04-01', '15:0:0', 0)
INSERT INTO CHI_TIET_BAN VALUES(15, '2021-04-01', '17:0:0', 0)
INSERT INTO CHI_TIET_BAN VALUES(15, '2021-04-01', '19:0:0', 0)
INSERT INTO CHI_TIET_BAN VALUES(15, '2021-04-01', '21:0:0', 0)
INSERT INTO CHI_TIET_BAN VALUES(15, '2021-04-02', '11:0:0', 0)
INSERT INTO CHI_TIET_BAN VALUES(15, '2021-04-02', '13:0:0', 0)
INSERT INTO CHI_TIET_BAN VALUES(15, '2021-04-02', '15:0:0', 0)
INSERT INTO CHI_TIET_BAN VALUES(15, '2021-04-02', '17:0:0', 0)
INSERT INTO CHI_TIET_BAN VALUES(15, '2021-04-02', '19:0:0', 0)
INSERT INTO CHI_TIET_BAN VALUES(15, '2021-04-02', '21:0:0', 0)
INSERT INTO CHI_TIET_BAN VALUES(15, '2021-04-03', '11:0:0', 0)
INSERT INTO CHI_TIET_BAN VALUES(15, '2021-04-03', '13:0:0', 0)
INSERT INTO CHI_TIET_BAN VALUES(15, '2021-04-03', '15:0:0', 0)
INSERT INTO CHI_TIET_BAN VALUES(15, '2021-04-03', '17:0:0', 0)
INSERT INTO CHI_TIET_BAN VALUES(15, '2021-04-03', '19:0:0', 0)
INSERT INTO CHI_TIET_BAN VALUES(15, '2021-04-03', '21:0:0', 0)
INSERT INTO CHI_TIET_BAN VALUES(15, '2021-04-04', '11:0:0', 0)
INSERT INTO CHI_TIET_BAN VALUES(15, '2021-04-04', '13:0:0', 0)
INSERT INTO CHI_TIET_BAN VALUES(15, '2021-04-04', '15:0:0', 0)
INSERT INTO CHI_TIET_BAN VALUES(15, '2021-04-04', '17:0:0', 0)
INSERT INTO CHI_TIET_BAN VALUES(15, '2021-04-04', '19:0:0', 0)
INSERT INTO CHI_TIET_BAN VALUES(15, '2021-04-04', '21:0:0', 0)

-----------------------------------------------------------------------
--ĐẶT BÀN
INSERT INTO DATBAN VALUES(1,1,'2021-04-01','11:0:0')
INSERT INTO DATBAN VALUES(1,5,'2021-04-02','21:0:0')
INSERT INTO DATBAN VALUES(2,3,'2021-04-03','13:0:0')
INSERT INTO DATBAN VALUES(2,9,'2021-04-04','15:0:0')
INSERT INTO DATBAN VALUES(3,2,'2021-04-01','21:0:0')
INSERT INTO DATBAN VALUES(3,3,'2021-04-02','19:0:0')
INSERT INTO DATBAN VALUES(4,7,'2021-04-03','21:0:0')
INSERT INTO DATBAN VALUES(4,8,'2021-04-04','11:0:0')
INSERT INTO DATBAN VALUES(5,9,'2021-04-01','13:0:0')
INSERT INTO DATBAN VALUES(5,10,'2021-04-02','17:0:0')
INSERT INTO DATBAN VALUES(6,12,'2021-04-03','21:0:0')
INSERT INTO DATBAN VALUES(6,15,'2021-04-04','19:0:0')
INSERT INTO DATBAN VALUES(7,8,'2021-04-01','13:0:0')
INSERT INTO DATBAN VALUES(7,2,'2021-04-02','11:0:0')
INSERT INTO DATBAN VALUES(8,7,'2021-04-03','21:0:0')
INSERT INTO DATBAN VALUES(8,10,'2021-04-04','21:0:0')
INSERT INTO DATBAN VALUES(9,1,'2021-04-01','13:0:0')
INSERT INTO DATBAN VALUES(9,5,'2021-04-02','17:0:0')
INSERT INTO DATBAN VALUES(10,3,'2021-04-03','15:0:0')
INSERT INTO DATBAN VALUES(10,7,'2021-04-04','13:0:0')
INSERT INTO DATBAN VALUES(11,6,'2021-04-01','11:0:0')
INSERT INTO DATBAN VALUES(11,2,'2021-04-02','21:0:0')
INSERT INTO DATBAN VALUES(12,8,'2021-04-03','15:0:0')
INSERT INTO DATBAN VALUES(12,12,'2021-04-04','21:0:0')
INSERT INTO DATBAN VALUES(13,14,'2021-04-01','15:0:0')
INSERT INTO DATBAN VALUES(14,11,'2021-04-02','11:0:0')
INSERT INTO DATBAN VALUES(14,8,'2021-04-03','19:0:0')
INSERT INTO DATBAN VALUES(15,1,'2021-04-04','21:0:0')
INSERT INTO DATBAN VALUES(15,11,'2021-04-01','17:0:0')
INSERT INTO DATBAN VALUES(15,4,'2021-04-03','17:0:0')

-----------------------------------------------------------------------
--CA LÀM
INSERT INTO CA_LAM VALUES('2021-02-01','2021-02-07','Trua')
INSERT INTO CA_LAM VALUES('2021-02-01','2021-02-07','Chieu')
INSERT INTO CA_LAM VALUES('2021-02-01','2021-02-07','Toi')
INSERT INTO CA_LAM VALUES('2021-02-08','2021-02-14','Trua')
INSERT INTO CA_LAM VALUES('2021-02-08','2021-02-14','Chieu')
INSERT INTO CA_LAM VALUES('2021-02-08','2021-02-14','Toi')
INSERT INTO CA_LAM VALUES('2021-02-15','2021-02-21','Trua')
INSERT INTO CA_LAM VALUES('2021-02-15','2021-02-21','Chieu')
INSERT INTO CA_LAM VALUES('2021-02-15','2021-02-21','Toi')
INSERT INTO CA_LAM VALUES('2021-02-22','2021-02-28','Trua')
INSERT INTO CA_LAM VALUES('2021-02-22','2021-02-28','Chieu')
INSERT INTO CA_LAM VALUES('2021-02-22','2021-02-28','Toi')
INSERT INTO CA_LAM VALUES('2021-03-01','2021-03-07','Trua')
INSERT INTO CA_LAM VALUES('2021-03-01','2021-03-07','Chieu')
INSERT INTO CA_LAM VALUES('2021-03-01','2021-03-07','Toi')
INSERT INTO CA_LAM VALUES('2021-03-08','2021-03-14','Trua')
INSERT INTO CA_LAM VALUES('2021-03-08','2021-03-14','Chieu')
INSERT INTO CA_LAM VALUES('2021-03-08','2021-03-14','Toi')
INSERT INTO CA_LAM VALUES('2021-03-15','2021-03-21','Trua')
INSERT INTO CA_LAM VALUES('2021-03-15','2021-03-21','Chieu')
INSERT INTO CA_LAM VALUES('2021-03-15','2021-03-21','Toi')
INSERT INTO CA_LAM VALUES('2021-03-22','2021-03-28','Trua')
INSERT INTO CA_LAM VALUES('2021-03-22','2021-03-28','Chieu')
INSERT INTO CA_LAM VALUES('2021-03-22','2021-03-28','Toi')
INSERT INTO CA_LAM VALUES('2021-03-29','2021-04-04','Trua')
INSERT INTO CA_LAM VALUES('2021-03-29','2021-04-04','Chieu')
INSERT INTO CA_LAM VALUES('2021-03-29','2021-04-04','Toi')
INSERT INTO CA_LAM VALUES('2021-04-05','2021-04-11','Trua')
INSERT INTO CA_LAM VALUES('2021-04-05','2021-04-11','Chieu')
INSERT INTO CA_LAM VALUES('2021-04-05','2021-04-11','Toi')

-----------------------------------------------------------------------
--CA LÀM NHÂN VIÊN
INSERT INTO CA_LAM_NHAN_VIEN VALUES('QL1',1)
INSERT INTO CA_LAM_NHAN_VIEN VALUES('PV1',1)
INSERT INTO CA_LAM_NHAN_VIEN VALUES('PV2',1)
INSERT INTO CA_LAM_NHAN_VIEN VALUES('PV3',1)
INSERT INTO CA_LAM_NHAN_VIEN VALUES('DB1',1)
INSERT INTO CA_LAM_NHAN_VIEN VALUES('DB2',1)
INSERT INTO CA_LAM_NHAN_VIEN VALUES('DB3',1)
INSERT INTO CA_LAM_NHAN_VIEN VALUES('QL2',2)
INSERT INTO CA_LAM_NHAN_VIEN VALUES('PV1',2)
INSERT INTO CA_LAM_NHAN_VIEN VALUES('PV2',2)
INSERT INTO CA_LAM_NHAN_VIEN VALUES('PV3',2)
INSERT INTO CA_LAM_NHAN_VIEN VALUES('DB1',2)
INSERT INTO CA_LAM_NHAN_VIEN VALUES('DB2',2)
INSERT INTO CA_LAM_NHAN_VIEN VALUES('DB3',2)
INSERT INTO CA_LAM_NHAN_VIEN VALUES('QL3',3)
INSERT INTO CA_LAM_NHAN_VIEN VALUES('PV4',3)
INSERT INTO CA_LAM_NHAN_VIEN VALUES('PV5',3)
INSERT INTO CA_LAM_NHAN_VIEN VALUES('PV6',3)
INSERT INTO CA_LAM_NHAN_VIEN VALUES('DB4',3)
INSERT INTO CA_LAM_NHAN_VIEN VALUES('DB5',3)
INSERT INTO CA_LAM_NHAN_VIEN VALUES('DB6',3)
INSERT INTO CA_LAM_NHAN_VIEN VALUES('QL1',4)
INSERT INTO CA_LAM_NHAN_VIEN VALUES('PV1',4)
INSERT INTO CA_LAM_NHAN_VIEN VALUES('PV2',4)
INSERT INTO CA_LAM_NHAN_VIEN VALUES('PV3',4)
INSERT INTO CA_LAM_NHAN_VIEN VALUES('DB1',4)
INSERT INTO CA_LAM_NHAN_VIEN VALUES('DB2',4)
INSERT INTO CA_LAM_NHAN_VIEN VALUES('DB3',4)
INSERT INTO CA_LAM_NHAN_VIEN VALUES('QL2',4)
INSERT INTO CA_LAM_NHAN_VIEN VALUES('QL2',5)
INSERT INTO CA_LAM_NHAN_VIEN VALUES('PV1',5)
INSERT INTO CA_LAM_NHAN_VIEN VALUES('PV2',5)
INSERT INTO CA_LAM_NHAN_VIEN VALUES('PV3',5)
INSERT INTO CA_LAM_NHAN_VIEN VALUES('DB1',5)
INSERT INTO CA_LAM_NHAN_VIEN VALUES('DB2',5)
INSERT INTO CA_LAM_NHAN_VIEN VALUES('DB3',5)
INSERT INTO CA_LAM_NHAN_VIEN VALUES('QL3',6)
INSERT INTO CA_LAM_NHAN_VIEN VALUES('PV4',6)
INSERT INTO CA_LAM_NHAN_VIEN VALUES('PV5',6)
INSERT INTO CA_LAM_NHAN_VIEN VALUES('PV6',6)
INSERT INTO CA_LAM_NHAN_VIEN VALUES('DB4',6)
INSERT INTO CA_LAM_NHAN_VIEN VALUES('DB5',6)
INSERT INTO CA_LAM_NHAN_VIEN VALUES('DB6',6)
INSERT INTO CA_LAM_NHAN_VIEN VALUES('QL1',7)
INSERT INTO CA_LAM_NHAN_VIEN VALUES('PV1',7)
INSERT INTO CA_LAM_NHAN_VIEN VALUES('PV2',7)
INSERT INTO CA_LAM_NHAN_VIEN VALUES('PV3',7)
INSERT INTO CA_LAM_NHAN_VIEN VALUES('DB1',7)
INSERT INTO CA_LAM_NHAN_VIEN VALUES('DB2',7)
INSERT INTO CA_LAM_NHAN_VIEN VALUES('DB3',7)
INSERT INTO CA_LAM_NHAN_VIEN VALUES('QL2',8)
INSERT INTO CA_LAM_NHAN_VIEN VALUES('PV1',8)
INSERT INTO CA_LAM_NHAN_VIEN VALUES('PV2',8)
INSERT INTO CA_LAM_NHAN_VIEN VALUES('PV3',8)
INSERT INTO CA_LAM_NHAN_VIEN VALUES('DB1',8)
INSERT INTO CA_LAM_NHAN_VIEN VALUES('DB2',8)
INSERT INTO CA_LAM_NHAN_VIEN VALUES('DB3',8)
INSERT INTO CA_LAM_NHAN_VIEN VALUES('QL3',9)
INSERT INTO CA_LAM_NHAN_VIEN VALUES('PV4',9)
INSERT INTO CA_LAM_NHAN_VIEN VALUES('PV5',9)
INSERT INTO CA_LAM_NHAN_VIEN VALUES('PV6',9)
INSERT INTO CA_LAM_NHAN_VIEN VALUES('DB4',9)
INSERT INTO CA_LAM_NHAN_VIEN VALUES('DB5',9)
INSERT INTO CA_LAM_NHAN_VIEN VALUES('DB6',9)
INSERT INTO CA_LAM_NHAN_VIEN VALUES('QL1',10)
INSERT INTO CA_LAM_NHAN_VIEN VALUES('PV1',10)
INSERT INTO CA_LAM_NHAN_VIEN VALUES('PV2',10)
INSERT INTO CA_LAM_NHAN_VIEN VALUES('PV3',10)
INSERT INTO CA_LAM_NHAN_VIEN VALUES('DB1',10)
INSERT INTO CA_LAM_NHAN_VIEN VALUES('DB2',10)
INSERT INTO CA_LAM_NHAN_VIEN VALUES('DB3',10)
INSERT INTO CA_LAM_NHAN_VIEN VALUES('QL2',11)
INSERT INTO CA_LAM_NHAN_VIEN VALUES('PV1',11)
INSERT INTO CA_LAM_NHAN_VIEN VALUES('PV2',11)
INSERT INTO CA_LAM_NHAN_VIEN VALUES('PV3',11)
INSERT INTO CA_LAM_NHAN_VIEN VALUES('DB1',11)
INSERT INTO CA_LAM_NHAN_VIEN VALUES('DB2',11)
INSERT INTO CA_LAM_NHAN_VIEN VALUES('DB3',11)
INSERT INTO CA_LAM_NHAN_VIEN VALUES('QL3',12)
INSERT INTO CA_LAM_NHAN_VIEN VALUES('PV4',12)
INSERT INTO CA_LAM_NHAN_VIEN VALUES('PV5',12)
INSERT INTO CA_LAM_NHAN_VIEN VALUES('PV6',12)
INSERT INTO CA_LAM_NHAN_VIEN VALUES('DB4',12)
INSERT INTO CA_LAM_NHAN_VIEN VALUES('DB5',12)
INSERT INTO CA_LAM_NHAN_VIEN VALUES('DB6',12)
INSERT INTO CA_LAM_NHAN_VIEN VALUES('QL1',13)
INSERT INTO CA_LAM_NHAN_VIEN VALUES('PV1',13)
INSERT INTO CA_LAM_NHAN_VIEN VALUES('PV2',13)
INSERT INTO CA_LAM_NHAN_VIEN VALUES('PV3',13)
INSERT INTO CA_LAM_NHAN_VIEN VALUES('DB1',13)
INSERT INTO CA_LAM_NHAN_VIEN VALUES('DB2',13)
INSERT INTO CA_LAM_NHAN_VIEN VALUES('DB3',13)
INSERT INTO CA_LAM_NHAN_VIEN VALUES('QL2',14)
INSERT INTO CA_LAM_NHAN_VIEN VALUES('PV1',14)
INSERT INTO CA_LAM_NHAN_VIEN VALUES('PV2',14)
INSERT INTO CA_LAM_NHAN_VIEN VALUES('PV3',14)
INSERT INTO CA_LAM_NHAN_VIEN VALUES('DB1',14)
INSERT INTO CA_LAM_NHAN_VIEN VALUES('DB2',14)
INSERT INTO CA_LAM_NHAN_VIEN VALUES('DB3',14)
INSERT INTO CA_LAM_NHAN_VIEN VALUES('QL3',15)
INSERT INTO CA_LAM_NHAN_VIEN VALUES('PV4',15)
INSERT INTO CA_LAM_NHAN_VIEN VALUES('PV5',15)
INSERT INTO CA_LAM_NHAN_VIEN VALUES('PV6',15)
INSERT INTO CA_LAM_NHAN_VIEN VALUES('DB4',15)
INSERT INTO CA_LAM_NHAN_VIEN VALUES('DB5',15)
INSERT INTO CA_LAM_NHAN_VIEN VALUES('DB6',15)
INSERT INTO CA_LAM_NHAN_VIEN VALUES('QL1',16)
INSERT INTO CA_LAM_NHAN_VIEN VALUES('PV1',16)
INSERT INTO CA_LAM_NHAN_VIEN VALUES('PV2',16)
INSERT INTO CA_LAM_NHAN_VIEN VALUES('PV3',16)
INSERT INTO CA_LAM_NHAN_VIEN VALUES('DB1',16)
INSERT INTO CA_LAM_NHAN_VIEN VALUES('DB2',16)
INSERT INTO CA_LAM_NHAN_VIEN VALUES('DB3',16)
INSERT INTO CA_LAM_NHAN_VIEN VALUES('QL2',17)
INSERT INTO CA_LAM_NHAN_VIEN VALUES('PV1',17)
INSERT INTO CA_LAM_NHAN_VIEN VALUES('PV2',17)
INSERT INTO CA_LAM_NHAN_VIEN VALUES('PV3',17)
INSERT INTO CA_LAM_NHAN_VIEN VALUES('DB1',17)
INSERT INTO CA_LAM_NHAN_VIEN VALUES('DB2',17)
INSERT INTO CA_LAM_NHAN_VIEN VALUES('DB3',17)
INSERT INTO CA_LAM_NHAN_VIEN VALUES('QL3',18)
INSERT INTO CA_LAM_NHAN_VIEN VALUES('PV4',18)
INSERT INTO CA_LAM_NHAN_VIEN VALUES('PV5',18)
INSERT INTO CA_LAM_NHAN_VIEN VALUES('PV6',18)
INSERT INTO CA_LAM_NHAN_VIEN VALUES('DB4',18)
INSERT INTO CA_LAM_NHAN_VIEN VALUES('DB5',18)
INSERT INTO CA_LAM_NHAN_VIEN VALUES('DB6',18)
INSERT INTO CA_LAM_NHAN_VIEN VALUES('QL1',19)
INSERT INTO CA_LAM_NHAN_VIEN VALUES('PV1',19)
INSERT INTO CA_LAM_NHAN_VIEN VALUES('PV2',19)
INSERT INTO CA_LAM_NHAN_VIEN VALUES('PV3',19)
INSERT INTO CA_LAM_NHAN_VIEN VALUES('DB1',19)
INSERT INTO CA_LAM_NHAN_VIEN VALUES('DB2',19)
INSERT INTO CA_LAM_NHAN_VIEN VALUES('DB3',19)
INSERT INTO CA_LAM_NHAN_VIEN VALUES('QL2',20)
INSERT INTO CA_LAM_NHAN_VIEN VALUES('PV1',20)
INSERT INTO CA_LAM_NHAN_VIEN VALUES('PV2',20)
INSERT INTO CA_LAM_NHAN_VIEN VALUES('PV3',20)
INSERT INTO CA_LAM_NHAN_VIEN VALUES('DB1',20)
INSERT INTO CA_LAM_NHAN_VIEN VALUES('DB2',20)
INSERT INTO CA_LAM_NHAN_VIEN VALUES('DB3',20)
INSERT INTO CA_LAM_NHAN_VIEN VALUES('QL3',21)
INSERT INTO CA_LAM_NHAN_VIEN VALUES('PV4',21)
INSERT INTO CA_LAM_NHAN_VIEN VALUES('PV5',21)
INSERT INTO CA_LAM_NHAN_VIEN VALUES('PV6',21)
INSERT INTO CA_LAM_NHAN_VIEN VALUES('DB4',21)
INSERT INTO CA_LAM_NHAN_VIEN VALUES('DB5',21)
INSERT INTO CA_LAM_NHAN_VIEN VALUES('DB6',21)
INSERT INTO CA_LAM_NHAN_VIEN VALUES('QL1',22)
INSERT INTO CA_LAM_NHAN_VIEN VALUES('PV1',22)
INSERT INTO CA_LAM_NHAN_VIEN VALUES('PV2',22)
INSERT INTO CA_LAM_NHAN_VIEN VALUES('PV3',22)
INSERT INTO CA_LAM_NHAN_VIEN VALUES('DB1',22)
INSERT INTO CA_LAM_NHAN_VIEN VALUES('DB2',22)
INSERT INTO CA_LAM_NHAN_VIEN VALUES('DB3',22)
INSERT INTO CA_LAM_NHAN_VIEN VALUES('QL2',23)
INSERT INTO CA_LAM_NHAN_VIEN VALUES('PV1',23)
INSERT INTO CA_LAM_NHAN_VIEN VALUES('PV2',23)
INSERT INTO CA_LAM_NHAN_VIEN VALUES('PV3',23)
INSERT INTO CA_LAM_NHAN_VIEN VALUES('DB1',23)
INSERT INTO CA_LAM_NHAN_VIEN VALUES('DB2',23)
INSERT INTO CA_LAM_NHAN_VIEN VALUES('DB3',23)
INSERT INTO CA_LAM_NHAN_VIEN VALUES('QL3',24)
INSERT INTO CA_LAM_NHAN_VIEN VALUES('PV4',24)
INSERT INTO CA_LAM_NHAN_VIEN VALUES('PV5',24)
INSERT INTO CA_LAM_NHAN_VIEN VALUES('PV6',24)
INSERT INTO CA_LAM_NHAN_VIEN VALUES('DB4',24)
INSERT INTO CA_LAM_NHAN_VIEN VALUES('DB5',24)
INSERT INTO CA_LAM_NHAN_VIEN VALUES('DB6',24)
INSERT INTO CA_LAM_NHAN_VIEN VALUES('QL1',25)
INSERT INTO CA_LAM_NHAN_VIEN VALUES('PV1',25)
INSERT INTO CA_LAM_NHAN_VIEN VALUES('PV2',25)
INSERT INTO CA_LAM_NHAN_VIEN VALUES('PV3',25)
INSERT INTO CA_LAM_NHAN_VIEN VALUES('DB1',25)
INSERT INTO CA_LAM_NHAN_VIEN VALUES('DB2',25)
INSERT INTO CA_LAM_NHAN_VIEN VALUES('DB3',25)
INSERT INTO CA_LAM_NHAN_VIEN VALUES('QL2',26)
INSERT INTO CA_LAM_NHAN_VIEN VALUES('PV1',26)
INSERT INTO CA_LAM_NHAN_VIEN VALUES('PV2',26)
INSERT INTO CA_LAM_NHAN_VIEN VALUES('PV3',26)
INSERT INTO CA_LAM_NHAN_VIEN VALUES('DB1',26)
INSERT INTO CA_LAM_NHAN_VIEN VALUES('DB2',26)
INSERT INTO CA_LAM_NHAN_VIEN VALUES('DB3',26)
INSERT INTO CA_LAM_NHAN_VIEN VALUES('QL3',27)
INSERT INTO CA_LAM_NHAN_VIEN VALUES('PV4',27)
INSERT INTO CA_LAM_NHAN_VIEN VALUES('PV5',27)
INSERT INTO CA_LAM_NHAN_VIEN VALUES('PV6',27)
INSERT INTO CA_LAM_NHAN_VIEN VALUES('DB4',27)
INSERT INTO CA_LAM_NHAN_VIEN VALUES('DB5',27)
INSERT INTO CA_LAM_NHAN_VIEN VALUES('DB6',27)
INSERT INTO CA_LAM_NHAN_VIEN VALUES('QL1',28)
INSERT INTO CA_LAM_NHAN_VIEN VALUES('DB1',28)
INSERT INTO CA_LAM_NHAN_VIEN VALUES('DB2',28)
INSERT INTO CA_LAM_NHAN_VIEN VALUES('DB3',28)
INSERT INTO CA_LAM_NHAN_VIEN VALUES('QL2',29)
INSERT INTO CA_LAM_NHAN_VIEN VALUES('PV1',29)
INSERT INTO CA_LAM_NHAN_VIEN VALUES('PV2',29)
INSERT INTO CA_LAM_NHAN_VIEN VALUES('PV3',29)
INSERT INTO CA_LAM_NHAN_VIEN VALUES('DB1',29)
INSERT INTO CA_LAM_NHAN_VIEN VALUES('DB2',29)
INSERT INTO CA_LAM_NHAN_VIEN VALUES('DB3',29)
INSERT INTO CA_LAM_NHAN_VIEN VALUES('QL3',30)
INSERT INTO CA_LAM_NHAN_VIEN VALUES('PV4',30)
INSERT INTO CA_LAM_NHAN_VIEN VALUES('PV5',30)
INSERT INTO CA_LAM_NHAN_VIEN VALUES('PV6',30)
INSERT INTO CA_LAM_NHAN_VIEN VALUES('DB4',30)
INSERT INTO CA_LAM_NHAN_VIEN VALUES('DB5',30)
INSERT INTO CA_LAM_NHAN_VIEN VALUES('DB6',30)

-----------------------------------------------------------------------
--NGÀY NGHỈ
INSERT INTO NGAYNGHI VALUES('PV1','2021-02-03','Trua')
INSERT INTO NGAYNGHI VALUES('PV2','2021-02-04','Trua')
INSERT INTO NGAYNGHI VALUES('PV2','2021-02-04','Chieu')
INSERT INTO NGAYNGHI VALUES('PV3','2021-02-10','Chieu')
INSERT INTO NGAYNGHI VALUES('PV3','2021-02-19','Trua')
INSERT INTO NGAYNGHI VALUES('PV4','2021-02-07','Toi')
INSERT INTO NGAYNGHI VALUES('PV4','2021-02-08','Toi')
INSERT INTO NGAYNGHI VALUES('PV4','2021-02-20','Toi')
INSERT INTO NGAYNGHI VALUES('PV4','2021-02-22','Toi')
INSERT INTO NGAYNGHI VALUES('PV5','2021-02-01','Toi')
INSERT INTO NGAYNGHI VALUES('PV5','2021-02-22','Toi')
INSERT INTO NGAYNGHI VALUES('PV6','2021-02-08','Toi')
INSERT INTO NGAYNGHI VALUES('DB1','2021-02-13','Trua')
INSERT INTO NGAYNGHI VALUES('DB1','2021-02-28','Trua')
INSERT INTO NGAYNGHI VALUES('DB1','2021-02-21','Chieu')
INSERT INTO NGAYNGHI VALUES('DB2','2021-02-27','Trua')
INSERT INTO NGAYNGHI VALUES('DB2','2021-02-19','Chieu')
INSERT INTO NGAYNGHI VALUES('DB3','2021-02-03','Trua')
INSERT INTO NGAYNGHI VALUES('DB3','2021-02-26','Chieu')
INSERT INTO NGAYNGHI VALUES('DB4','2021-02-04','Toi')
INSERT INTO NGAYNGHI VALUES('DB4','2021-02-05','Toi')
INSERT INTO NGAYNGHI VALUES('DB4','2021-02-06','Toi')
INSERT INTO NGAYNGHI VALUES('DB4','2021-02-18','Toi')
INSERT INTO NGAYNGHI VALUES('DB4','2021-02-23','Toi')
INSERT INTO NGAYNGHI VALUES('DB4','2021-02-26','Toi')
INSERT INTO NGAYNGHI VALUES('DB4','2021-02-28','Toi')
INSERT INTO NGAYNGHI VALUES('DB5','2021-02-09','Toi')
INSERT INTO NGAYNGHI VALUES('DB5','2021-02-20','Toi')
INSERT INTO NGAYNGHI VALUES('DB6','2021-02-21','Toi')
INSERT INTO NGAYNGHI VALUES('DB6','2021-02-01','Toi')
INSERT INTO NGAYNGHI VALUES('QL1','2021-02-11','Trua') 
INSERT INTO NGAYNGHI VALUES('QL2','2021-02-08','Trua')  
INSERT INTO NGAYNGHI VALUES('QL2','2021-02-09','Trua')  
INSERT INTO NGAYNGHI VALUES('QL2','2021-02-10','Trua')  
INSERT INTO NGAYNGHI VALUES('QL2','2021-02-12','Trua')  
INSERT INTO NGAYNGHI VALUES('QL2','2021-02-13','Trua')  
INSERT INTO NGAYNGHI VALUES('QL2','2021-02-14','Trua')  
INSERT INTO NGAYNGHI VALUES('PV1','2021-03-01','Trua')
INSERT INTO NGAYNGHI VALUES('PV1','2021-03-02','Trua')
INSERT INTO NGAYNGHI VALUES('PV1','2021-03-04','Trua')
INSERT INTO NGAYNGHI VALUES('PV1','2021-03-05','Trua')
INSERT INTO NGAYNGHI VALUES('PV1','2021-03-06','Chieu')
INSERT INTO NGAYNGHI VALUES('PV2','2021-03-02','Chieu')
INSERT INTO NGAYNGHI VALUES('PV2','2021-03-03','Chieu')
INSERT INTO NGAYNGHI VALUES('PV3','2021-03-07','Trua')
INSERT INTO NGAYNGHI VALUES('PV3','2021-03-08','Trua')
INSERT INTO NGAYNGHI VALUES('PV4','2021-03-09','Toi')
INSERT INTO NGAYNGHI VALUES('PV5','2021-03-11','Toi')
INSERT INTO NGAYNGHI VALUES('PV5','2021-03-13','Toi')
INSERT INTO NGAYNGHI VALUES('PV6','2021-03-17','Toi')
INSERT INTO NGAYNGHI VALUES('PV6','2021-03-24','Toi')
INSERT INTO NGAYNGHI VALUES('DB1','2021-03-03','Trua')
INSERT INTO NGAYNGHI VALUES('DB2','2021-03-05','Chieu')
INSERT INTO NGAYNGHI VALUES('DB2','2021-03-07','Chieu')
INSERT INTO NGAYNGHI VALUES('DB3','2021-03-08','Trua')
INSERT INTO NGAYNGHI VALUES('DB3','2021-03-11','Chieu')
INSERT INTO NGAYNGHI VALUES('DB3','2021-03-15','Chieu')
INSERT INTO NGAYNGHI VALUES('DB4','2021-03-16','Toi')
INSERT INTO NGAYNGHI VALUES('DB4','2021-03-18','Toi')
INSERT INTO NGAYNGHI VALUES('DB4','2021-03-20','Toi')
INSERT INTO NGAYNGHI VALUES('DB4','2021-03-21','Toi')
INSERT INTO NGAYNGHI VALUES('DB5','2021-03-22','Toi')
INSERT INTO NGAYNGHI VALUES('DB5','2021-03-23','Toi')
INSERT INTO NGAYNGHI VALUES('DB5','2021-03-26','Toi')
INSERT INTO NGAYNGHI VALUES('DB6','2021-03-27','Toi')
INSERT INTO NGAYNGHI VALUES('DB6','2021-03-30','Toi')
INSERT INTO NGAYNGHI VALUES('DB6','2021-03-31','Toi')

-----------------------------------------------------------------------
--COUPON
INSERT INTO COUPON VALUES('AIRPAY01', 0.1, 2000000, '2021-01-01', '2021-03-30', 4)
INSERT INTO COUPON VALUES('AIRPAY02', 100000, 2000000, '2021-02-01', '2021-04-30', 3)
INSERT INTO COUPON VALUES('AIRPAY03', 0.25, 3000000, '2021-03-01', '2021-04-30', 3)
INSERT INTO COUPON VALUES('ZALOPAY01', 0.2, 3000000, '2021-01-01', '2021-03-30', 3)
INSERT INTO COUPON VALUES('ZALOPAY02', 50000, 1000000, '2021-03-01', '2021-05-30', 3)
INSERT INTO COUPON VALUES('ZALOPAY03', 0.2, 2000000, '2021-02-01', '2021-06-30', 2)
INSERT INTO COUPON VALUES('BANKING01', 200000, 3000000, '2021-01-01', '2021-04-30', 3)
INSERT INTO COUPON VALUES('BANKING02', 120000, 2500000, '2021-02-01', '2021-04-30', 4)
INSERT INTO COUPON VALUES('MOMO01', 0.25, 3000000, '2021-03-01', '2021-05-30', 2)
INSERT INTO COUPON VALUES('MOMO02', 0.15, 2000000, '2021-03-01', '2021-04-30', 3)
INSERT INTO COUPON VALUES('GPAY', 150000, 2000000, '2021-02-01', '2021-04-30', 4)
INSERT INTO COUPON VALUES('VIETTELPAY01', 100000, 2500000, '2021-02-01', '2021-06-30', 4)
INSERT INTO COUPON VALUES('VIETTELPAY02', 100000, 1500000, '2021-01-01', '2021-05-30', 2)
INSERT INTO COUPON VALUES('MOCA01', 0.2, 2000000, '2021-03-01', '2021-04-30', 2)
INSERT INTO COUPON VALUES('MOCA02', 0.2, 2500000, '2021-03-01', '2021-04-30', 3)

-----------------------------------------------------------------------
--COUPON ĐÃ SỬ DỤNG
INSERT INTO COUPON_DA_SU_DUNG VALUES(1,'AIRPAY01',0)
INSERT INTO COUPON_DA_SU_DUNG VALUES(1,'AIRPAY02',0)
INSERT INTO COUPON_DA_SU_DUNG VALUES(1,'AIRPAY03',0)
INSERT INTO COUPON_DA_SU_DUNG VALUES(1,'BANKING01',0)
INSERT INTO COUPON_DA_SU_DUNG VALUES(1,'BANKING02',0)
INSERT INTO COUPON_DA_SU_DUNG VALUES(1,'GPAY',0)
INSERT INTO COUPON_DA_SU_DUNG VALUES(1,'MOCA01',0)
INSERT INTO COUPON_DA_SU_DUNG VALUES(1,'MOCA02',0)
INSERT INTO COUPON_DA_SU_DUNG VALUES(1,'MOMO01',0)
INSERT INTO COUPON_DA_SU_DUNG VALUES(1,'MOMO02',0)
INSERT INTO COUPON_DA_SU_DUNG VALUES(1,'VIETTELPAY01',0)
INSERT INTO COUPON_DA_SU_DUNG VALUES(1,'VIETTELPAY02',0)
INSERT INTO COUPON_DA_SU_DUNG VALUES(1,'ZALOPAY01',0)
INSERT INTO COUPON_DA_SU_DUNG VALUES(1,'ZALOPAY02',0)
INSERT INTO COUPON_DA_SU_DUNG VALUES(1,'ZALOPAY03',0)
INSERT INTO COUPON_DA_SU_DUNG VALUES(2,'AIRPAY01',0)
INSERT INTO COUPON_DA_SU_DUNG VALUES(2,'AIRPAY02',0)
INSERT INTO COUPON_DA_SU_DUNG VALUES(2,'AIRPAY03',0)
INSERT INTO COUPON_DA_SU_DUNG VALUES(2,'BANKING01',0)
INSERT INTO COUPON_DA_SU_DUNG VALUES(2,'BANKING02',0)
INSERT INTO COUPON_DA_SU_DUNG VALUES(2,'GPAY',0)
INSERT INTO COUPON_DA_SU_DUNG VALUES(2,'MOCA01',0)
INSERT INTO COUPON_DA_SU_DUNG VALUES(2,'MOCA02',0)
INSERT INTO COUPON_DA_SU_DUNG VALUES(2,'MOMO01',0)
INSERT INTO COUPON_DA_SU_DUNG VALUES(2,'MOMO02',0)
INSERT INTO COUPON_DA_SU_DUNG VALUES(2,'VIETTELPAY01',0)
INSERT INTO COUPON_DA_SU_DUNG VALUES(2,'VIETTELPAY02',0)
INSERT INTO COUPON_DA_SU_DUNG VALUES(2,'ZALOPAY01',0)
INSERT INTO COUPON_DA_SU_DUNG VALUES(2,'ZALOPAY02',0)
INSERT INTO COUPON_DA_SU_DUNG VALUES(2,'ZALOPAY03',0)
INSERT INTO COUPON_DA_SU_DUNG VALUES(3,'AIRPAY01',0)
INSERT INTO COUPON_DA_SU_DUNG VALUES(3,'AIRPAY02',0)
INSERT INTO COUPON_DA_SU_DUNG VALUES(3,'AIRPAY03',0)
INSERT INTO COUPON_DA_SU_DUNG VALUES(3,'BANKING01',0)
INSERT INTO COUPON_DA_SU_DUNG VALUES(3,'BANKING02',0)
INSERT INTO COUPON_DA_SU_DUNG VALUES(3,'GPAY',0)
INSERT INTO COUPON_DA_SU_DUNG VALUES(3,'MOCA01',0)
INSERT INTO COUPON_DA_SU_DUNG VALUES(3,'MOCA02',0)
INSERT INTO COUPON_DA_SU_DUNG VALUES(3,'MOMO01',0)
INSERT INTO COUPON_DA_SU_DUNG VALUES(3,'MOMO02',0)
INSERT INTO COUPON_DA_SU_DUNG VALUES(3,'VIETTELPAY01',0)
INSERT INTO COUPON_DA_SU_DUNG VALUES(3,'VIETTELPAY02',0)
INSERT INTO COUPON_DA_SU_DUNG VALUES(3,'ZALOPAY01',0)
INSERT INTO COUPON_DA_SU_DUNG VALUES(3,'ZALOPAY02',0)
INSERT INTO COUPON_DA_SU_DUNG VALUES(3,'ZALOPAY03',0)
INSERT INTO COUPON_DA_SU_DUNG VALUES(4,'AIRPAY01',0)
INSERT INTO COUPON_DA_SU_DUNG VALUES(4,'AIRPAY02',0)
INSERT INTO COUPON_DA_SU_DUNG VALUES(4,'AIRPAY03',0)
INSERT INTO COUPON_DA_SU_DUNG VALUES(4,'BANKING01',0)
INSERT INTO COUPON_DA_SU_DUNG VALUES(4,'BANKING02',0)
INSERT INTO COUPON_DA_SU_DUNG VALUES(4,'GPAY',0)
INSERT INTO COUPON_DA_SU_DUNG VALUES(4,'MOCA01',0)
INSERT INTO COUPON_DA_SU_DUNG VALUES(4,'MOCA02',0)
INSERT INTO COUPON_DA_SU_DUNG VALUES(4,'MOMO01',0)
INSERT INTO COUPON_DA_SU_DUNG VALUES(4,'MOMO02',0)
INSERT INTO COUPON_DA_SU_DUNG VALUES(4,'VIETTELPAY01',0)
INSERT INTO COUPON_DA_SU_DUNG VALUES(4,'VIETTELPAY02',0)
INSERT INTO COUPON_DA_SU_DUNG VALUES(4,'ZALOPAY01',0)
INSERT INTO COUPON_DA_SU_DUNG VALUES(4,'ZALOPAY02',0)
INSERT INTO COUPON_DA_SU_DUNG VALUES(4,'ZALOPAY03',0)
INSERT INTO COUPON_DA_SU_DUNG VALUES(5,'AIRPAY01',0)
INSERT INTO COUPON_DA_SU_DUNG VALUES(5,'AIRPAY02',0)
INSERT INTO COUPON_DA_SU_DUNG VALUES(5,'AIRPAY03',0)
INSERT INTO COUPON_DA_SU_DUNG VALUES(5,'BANKING01',0)
INSERT INTO COUPON_DA_SU_DUNG VALUES(5,'BANKING02',0)
INSERT INTO COUPON_DA_SU_DUNG VALUES(5,'GPAY',0)
INSERT INTO COUPON_DA_SU_DUNG VALUES(5,'MOCA01',0)
INSERT INTO COUPON_DA_SU_DUNG VALUES(5,'MOCA02',0)
INSERT INTO COUPON_DA_SU_DUNG VALUES(5,'MOMO01',0)
INSERT INTO COUPON_DA_SU_DUNG VALUES(5,'MOMO02',0)
INSERT INTO COUPON_DA_SU_DUNG VALUES(5,'VIETTELPAY01',0)
INSERT INTO COUPON_DA_SU_DUNG VALUES(5,'VIETTELPAY02',0)
INSERT INTO COUPON_DA_SU_DUNG VALUES(5,'ZALOPAY01',0)
INSERT INTO COUPON_DA_SU_DUNG VALUES(5,'ZALOPAY02',0)
INSERT INTO COUPON_DA_SU_DUNG VALUES(5,'ZALOPAY03',0)
INSERT INTO COUPON_DA_SU_DUNG VALUES(6,'AIRPAY01',0)
INSERT INTO COUPON_DA_SU_DUNG VALUES(6,'AIRPAY02',0)
INSERT INTO COUPON_DA_SU_DUNG VALUES(6,'AIRPAY03',0)
INSERT INTO COUPON_DA_SU_DUNG VALUES(6,'BANKING01',0)
INSERT INTO COUPON_DA_SU_DUNG VALUES(6,'BANKING02',0)
INSERT INTO COUPON_DA_SU_DUNG VALUES(6,'GPAY',0)
INSERT INTO COUPON_DA_SU_DUNG VALUES(6,'MOCA01',0)
INSERT INTO COUPON_DA_SU_DUNG VALUES(6,'MOCA02',0)
INSERT INTO COUPON_DA_SU_DUNG VALUES(6,'MOMO01',0)
INSERT INTO COUPON_DA_SU_DUNG VALUES(6,'MOMO02',0)
INSERT INTO COUPON_DA_SU_DUNG VALUES(6,'VIETTELPAY01',0)
INSERT INTO COUPON_DA_SU_DUNG VALUES(6,'VIETTELPAY02',0)
INSERT INTO COUPON_DA_SU_DUNG VALUES(6,'ZALOPAY01',0)
INSERT INTO COUPON_DA_SU_DUNG VALUES(6,'ZALOPAY02',0)
INSERT INTO COUPON_DA_SU_DUNG VALUES(6,'ZALOPAY03',0)
INSERT INTO COUPON_DA_SU_DUNG VALUES(7,'AIRPAY01',0)
INSERT INTO COUPON_DA_SU_DUNG VALUES(7,'AIRPAY02',0)
INSERT INTO COUPON_DA_SU_DUNG VALUES(7,'AIRPAY03',0)
INSERT INTO COUPON_DA_SU_DUNG VALUES(7,'BANKING01',0)
INSERT INTO COUPON_DA_SU_DUNG VALUES(7,'BANKING02',0)
INSERT INTO COUPON_DA_SU_DUNG VALUES(7,'GPAY',0)
INSERT INTO COUPON_DA_SU_DUNG VALUES(7,'MOCA01',0)
INSERT INTO COUPON_DA_SU_DUNG VALUES(7,'MOCA02',0)
INSERT INTO COUPON_DA_SU_DUNG VALUES(7,'MOMO01',0)
INSERT INTO COUPON_DA_SU_DUNG VALUES(7,'MOMO02',0)
INSERT INTO COUPON_DA_SU_DUNG VALUES(7,'VIETTELPAY01',0)
INSERT INTO COUPON_DA_SU_DUNG VALUES(7,'VIETTELPAY02',0)
INSERT INTO COUPON_DA_SU_DUNG VALUES(7,'ZALOPAY01',0)
INSERT INTO COUPON_DA_SU_DUNG VALUES(7,'ZALOPAY02',0)
INSERT INTO COUPON_DA_SU_DUNG VALUES(7,'ZALOPAY03',0)
INSERT INTO COUPON_DA_SU_DUNG VALUES(8,'AIRPAY01',0)
INSERT INTO COUPON_DA_SU_DUNG VALUES(8,'AIRPAY02',0)
INSERT INTO COUPON_DA_SU_DUNG VALUES(8,'AIRPAY03',0)
INSERT INTO COUPON_DA_SU_DUNG VALUES(8,'BANKING01',0)
INSERT INTO COUPON_DA_SU_DUNG VALUES(8,'BANKING02',0)
INSERT INTO COUPON_DA_SU_DUNG VALUES(8,'GPAY',0)
INSERT INTO COUPON_DA_SU_DUNG VALUES(8,'MOCA01',0)
INSERT INTO COUPON_DA_SU_DUNG VALUES(8,'MOCA02',0)
INSERT INTO COUPON_DA_SU_DUNG VALUES(8,'MOMO01',0)
INSERT INTO COUPON_DA_SU_DUNG VALUES(8,'MOMO02',0)
INSERT INTO COUPON_DA_SU_DUNG VALUES(8,'VIETTELPAY01',0)
INSERT INTO COUPON_DA_SU_DUNG VALUES(8,'VIETTELPAY02',0)
INSERT INTO COUPON_DA_SU_DUNG VALUES(8,'ZALOPAY01',0)
INSERT INTO COUPON_DA_SU_DUNG VALUES(8,'ZALOPAY02',0)
INSERT INTO COUPON_DA_SU_DUNG VALUES(8,'ZALOPAY03',0)
INSERT INTO COUPON_DA_SU_DUNG VALUES(9,'AIRPAY01',0)
INSERT INTO COUPON_DA_SU_DUNG VALUES(9,'AIRPAY02',0)
INSERT INTO COUPON_DA_SU_DUNG VALUES(9,'AIRPAY03',0)
INSERT INTO COUPON_DA_SU_DUNG VALUES(9,'BANKING01',0)
INSERT INTO COUPON_DA_SU_DUNG VALUES(9,'BANKING02',0)
INSERT INTO COUPON_DA_SU_DUNG VALUES(9,'GPAY',0)
INSERT INTO COUPON_DA_SU_DUNG VALUES(9,'MOCA01',0)
INSERT INTO COUPON_DA_SU_DUNG VALUES(9,'MOCA02',0)
INSERT INTO COUPON_DA_SU_DUNG VALUES(9,'MOMO01',0)
INSERT INTO COUPON_DA_SU_DUNG VALUES(9,'MOMO02',0)
INSERT INTO COUPON_DA_SU_DUNG VALUES(9,'VIETTELPAY01',0)
INSERT INTO COUPON_DA_SU_DUNG VALUES(9,'VIETTELPAY02',0)
INSERT INTO COUPON_DA_SU_DUNG VALUES(9,'ZALOPAY01',0)
INSERT INTO COUPON_DA_SU_DUNG VALUES(9,'ZALOPAY02',0)
INSERT INTO COUPON_DA_SU_DUNG VALUES(9,'ZALOPAY03',0)
INSERT INTO COUPON_DA_SU_DUNG VALUES(10,'AIRPAY01',0)
INSERT INTO COUPON_DA_SU_DUNG VALUES(10,'AIRPAY02',0)
INSERT INTO COUPON_DA_SU_DUNG VALUES(10,'AIRPAY03',0)
INSERT INTO COUPON_DA_SU_DUNG VALUES(10,'BANKING01',0)
INSERT INTO COUPON_DA_SU_DUNG VALUES(10,'BANKING02',0)
INSERT INTO COUPON_DA_SU_DUNG VALUES(10,'GPAY',0)
INSERT INTO COUPON_DA_SU_DUNG VALUES(10,'MOCA01',0)
INSERT INTO COUPON_DA_SU_DUNG VALUES(10,'MOCA02',0)
INSERT INTO COUPON_DA_SU_DUNG VALUES(10,'MOMO01',0)
INSERT INTO COUPON_DA_SU_DUNG VALUES(10,'MOMO02',0)
INSERT INTO COUPON_DA_SU_DUNG VALUES(10,'VIETTELPAY01',0)
INSERT INTO COUPON_DA_SU_DUNG VALUES(10,'VIETTELPAY02',0)
INSERT INTO COUPON_DA_SU_DUNG VALUES(10,'ZALOPAY01',0)
INSERT INTO COUPON_DA_SU_DUNG VALUES(10,'ZALOPAY02',0)
INSERT INTO COUPON_DA_SU_DUNG VALUES(10,'ZALOPAY03',0)
INSERT INTO COUPON_DA_SU_DUNG VALUES(11,'AIRPAY01',0)
INSERT INTO COUPON_DA_SU_DUNG VALUES(11,'AIRPAY02',0)
INSERT INTO COUPON_DA_SU_DUNG VALUES(11,'AIRPAY03',0)
INSERT INTO COUPON_DA_SU_DUNG VALUES(11,'BANKING01',0)
INSERT INTO COUPON_DA_SU_DUNG VALUES(11,'BANKING02',0)
INSERT INTO COUPON_DA_SU_DUNG VALUES(11,'GPAY',0)
INSERT INTO COUPON_DA_SU_DUNG VALUES(11,'MOCA01',0)
INSERT INTO COUPON_DA_SU_DUNG VALUES(11,'MOCA02',0)
INSERT INTO COUPON_DA_SU_DUNG VALUES(11,'MOMO01',0)
INSERT INTO COUPON_DA_SU_DUNG VALUES(11,'MOMO02',0)
INSERT INTO COUPON_DA_SU_DUNG VALUES(11,'VIETTELPAY01',0)
INSERT INTO COUPON_DA_SU_DUNG VALUES(11,'VIETTELPAY02',0)
INSERT INTO COUPON_DA_SU_DUNG VALUES(11,'ZALOPAY01',0)
INSERT INTO COUPON_DA_SU_DUNG VALUES(11,'ZALOPAY02',0)
INSERT INTO COUPON_DA_SU_DUNG VALUES(11,'ZALOPAY03',0)
INSERT INTO COUPON_DA_SU_DUNG VALUES(12,'AIRPAY01',0)
INSERT INTO COUPON_DA_SU_DUNG VALUES(12,'AIRPAY02',0)
INSERT INTO COUPON_DA_SU_DUNG VALUES(12,'AIRPAY03',0)
INSERT INTO COUPON_DA_SU_DUNG VALUES(12,'BANKING01',0)
INSERT INTO COUPON_DA_SU_DUNG VALUES(12,'BANKING02',0)
INSERT INTO COUPON_DA_SU_DUNG VALUES(12,'GPAY',0)
INSERT INTO COUPON_DA_SU_DUNG VALUES(12,'MOCA01',0)
INSERT INTO COUPON_DA_SU_DUNG VALUES(12,'MOCA02',0)
INSERT INTO COUPON_DA_SU_DUNG VALUES(12,'MOMO01',0)
INSERT INTO COUPON_DA_SU_DUNG VALUES(12,'MOMO02',0)
INSERT INTO COUPON_DA_SU_DUNG VALUES(12,'VIETTELPAY01',0)
INSERT INTO COUPON_DA_SU_DUNG VALUES(12,'VIETTELPAY02',0)
INSERT INTO COUPON_DA_SU_DUNG VALUES(12,'ZALOPAY01',0)
INSERT INTO COUPON_DA_SU_DUNG VALUES(12,'ZALOPAY02',0)
INSERT INTO COUPON_DA_SU_DUNG VALUES(12,'ZALOPAY03',0)
INSERT INTO COUPON_DA_SU_DUNG VALUES(13,'AIRPAY01',0)
INSERT INTO COUPON_DA_SU_DUNG VALUES(13,'AIRPAY02',0)
INSERT INTO COUPON_DA_SU_DUNG VALUES(13,'AIRPAY03',0)
INSERT INTO COUPON_DA_SU_DUNG VALUES(13,'BANKING01',0)
INSERT INTO COUPON_DA_SU_DUNG VALUES(13,'BANKING02',0)
INSERT INTO COUPON_DA_SU_DUNG VALUES(13,'GPAY',0)
INSERT INTO COUPON_DA_SU_DUNG VALUES(13,'MOCA01',0)
INSERT INTO COUPON_DA_SU_DUNG VALUES(13,'MOCA02',0)
INSERT INTO COUPON_DA_SU_DUNG VALUES(13,'MOMO01',0)
INSERT INTO COUPON_DA_SU_DUNG VALUES(13,'MOMO02',0)
INSERT INTO COUPON_DA_SU_DUNG VALUES(13,'VIETTELPAY01',0)
INSERT INTO COUPON_DA_SU_DUNG VALUES(13,'VIETTELPAY02',0)
INSERT INTO COUPON_DA_SU_DUNG VALUES(13,'ZALOPAY01',0)
INSERT INTO COUPON_DA_SU_DUNG VALUES(13,'ZALOPAY02',0)
INSERT INTO COUPON_DA_SU_DUNG VALUES(13,'ZALOPAY03',0)
INSERT INTO COUPON_DA_SU_DUNG VALUES(14,'AIRPAY01',0)
INSERT INTO COUPON_DA_SU_DUNG VALUES(14,'AIRPAY02',0)
INSERT INTO COUPON_DA_SU_DUNG VALUES(14,'AIRPAY03',0)
INSERT INTO COUPON_DA_SU_DUNG VALUES(14,'BANKING01',0)
INSERT INTO COUPON_DA_SU_DUNG VALUES(14,'BANKING02',0)
INSERT INTO COUPON_DA_SU_DUNG VALUES(14,'GPAY',0)
INSERT INTO COUPON_DA_SU_DUNG VALUES(14,'MOCA01',0)
INSERT INTO COUPON_DA_SU_DUNG VALUES(14,'MOCA02',0)
INSERT INTO COUPON_DA_SU_DUNG VALUES(14,'MOMO01',0)
INSERT INTO COUPON_DA_SU_DUNG VALUES(14,'MOMO02',0)
INSERT INTO COUPON_DA_SU_DUNG VALUES(14,'VIETTELPAY01',0)
INSERT INTO COUPON_DA_SU_DUNG VALUES(14,'VIETTELPAY02',0)
INSERT INTO COUPON_DA_SU_DUNG VALUES(14,'ZALOPAY01',0)
INSERT INTO COUPON_DA_SU_DUNG VALUES(14,'ZALOPAY02',0)
INSERT INTO COUPON_DA_SU_DUNG VALUES(14,'ZALOPAY03',0)
INSERT INTO COUPON_DA_SU_DUNG VALUES(15,'AIRPAY01',0)
INSERT INTO COUPON_DA_SU_DUNG VALUES(15,'AIRPAY02',0)
INSERT INTO COUPON_DA_SU_DUNG VALUES(15,'AIRPAY03',0)
INSERT INTO COUPON_DA_SU_DUNG VALUES(15,'BANKING01',0)
INSERT INTO COUPON_DA_SU_DUNG VALUES(15,'BANKING02',0)
INSERT INTO COUPON_DA_SU_DUNG VALUES(15,'GPAY',0)
INSERT INTO COUPON_DA_SU_DUNG VALUES(15,'MOCA01',0)
INSERT INTO COUPON_DA_SU_DUNG VALUES(15,'MOCA02',0)
INSERT INTO COUPON_DA_SU_DUNG VALUES(15,'MOMO01',0)
INSERT INTO COUPON_DA_SU_DUNG VALUES(15,'MOMO02',0)
INSERT INTO COUPON_DA_SU_DUNG VALUES(15,'VIETTELPAY01',0)
INSERT INTO COUPON_DA_SU_DUNG VALUES(15,'VIETTELPAY02',0)
INSERT INTO COUPON_DA_SU_DUNG VALUES(15,'ZALOPAY01',0)
INSERT INTO COUPON_DA_SU_DUNG VALUES(15,'ZALOPAY02',0)
INSERT INTO COUPON_DA_SU_DUNG VALUES(15,'ZALOPAY03',0)

-----------------------------------------------------------------------
--HÓA ĐƠN
INSERT INTO HOADON VALUES('2021-02-2 20:0:0',1,1,'QL3',4450000,NULL,4450000)
INSERT INTO HOADON VALUES('2021-02-3 19:0:0',14,3,'QL2',8728000,'AIRPAY01',8728000)
INSERT INTO HOADON VALUES('2021-02-4 12:0:0',6,15,'QL1',11552000,'VIETTELPAY01',11552000)
INSERT INTO HOADON VALUES('2021-02-5 16:0:0',9,10,'QL2',5595000,NULL,5595000)
INSERT INTO HOADON VALUES('2021-02-8 22:0:0',7,11,'QL3',3135000,'ZALOPAY01',3135000)
INSERT INTO HOADON VALUES('2021-02-9 11:0:0',2,11,'QL1',6380000, NULL,6380000)
INSERT INTO HOADON VALUES('2021-02-10 21:0:0',3,2,'QL3',7730000,NULL,7730000)
INSERT INTO HOADON VALUES('2021-02-11 19:30:0',12,4,'QL2',7680000,'VIETTELPAY02',7680000)
INSERT INTO HOADON VALUES('2021-02-12 11:0:0',5,6,'QL1',5295000,'ZALOPAY02',5295000)
INSERT INTO HOADON VALUES('2021-02-13 22:0:0',10,12,'QL3',6330000,NULL,6330000)
INSERT INTO HOADON VALUES('2021-02-14 21:0:0',12,8,'QL3',8616000,'MOCA01',8616000)
INSERT INTO HOADON VALUES('2021-02-16 10:0:0',15,5,'QL1',5305000,NULL,5305000)
INSERT INTO HOADON VALUES('2021-02-18 17:0:0',12,5,'QL2',10108000,'BANKING02',10108000)
INSERT INTO HOADON VALUES('2021-02-19 20:0:0',4,7,'QL3',9380000, NULL,9380000)
INSERT INTO HOADON VALUES('2021-02-20 13:0:0',11,13,'QL1',6045000,'ZALOPAY02',6045000)
INSERT INTO HOADON VALUES('2021-02-22 19:0:0',13,14,'QL2',9012000,'MOMO01',9012000)
INSERT INTO HOADON VALUES('2021-02-23 22:0:0',10,15,'QL3',5635000,NULL,5635000)
INSERT INTO HOADON VALUES('2021-02-24 11:0:0',9,12,'QL1',9200000,NULL,9200000)
INSERT INTO HOADON VALUES('2021-02-25 19:0:0',14,11,'QL3',8856000,'ZALOPAY03',8856000)
INSERT INTO HOADON VALUES('2021-02-26 12:0:0',2,11,'QL1',5250000,NULL,5250000)
INSERT INTO HOADON VALUES('2021-02-27 21:0:0',8,1,'QL3',3410000,'AIRPAY01' , 3410000)
INSERT INTO HOADON VALUES('2021-02-28 22:0:0',14,2,'QL3',4485000,NULL,4485000)
INSERT INTO HOADON VALUES('2021-03-01 12:0:0',15,4,'QL1',6652000,'AIRPAY03',6652000)
INSERT INTO HOADON VALUES('2021-03-02 19:0:0',7,6,'QL2',9984000,NULL,9984000)
INSERT INTO HOADON VALUES('2021-03-03 18:0:0',8,10,'QL3',4584000,'AIRPAY01',4584000)
INSERT INTO HOADON VALUES('2021-03-04 21:0:0',2,2,'QL3',10376000,NULL,10376000)
INSERT INTO HOADON VALUES('2021-03-05 12:0:0',1,4,'QL1',3504000,NULL,3504000)
INSERT INTO HOADON VALUES('2021-03-06 19:0:0',14,11,'QL3',4402000,NULL,4402000)
INSERT INTO HOADON VALUES('2021-03-07 13:0:0',15,2,'QL1',5850000,NULL,5850000)
INSERT INTO HOADON VALUES('2021-03-08 18:0:0',7,12,'QL3',4244000,NULL,4244000)
INSERT INTO HOADON VALUES('2021-03-09 19:0:0',8,5,'QL2',3744000,NULL,3744000)
INSERT INTO HOADON VALUES('2021-03-10 14:0:0',12,12,'QL2',4569000,NULL,4569000)
INSERT INTO HOADON VALUES('2021-03-11 21:0:0',15,2,'QL3',2822000,NULL,2822000)
INSERT INTO HOADON VALUES('2021-03-12 22:0:0',9,3,'QL3',2793000,NULL,2793000)
INSERT INTO HOADON VALUES('2021-03-13 20:0:0',10,4,'QL3',4044000,NULL,4044000)
INSERT INTO HOADON VALUES('2021-03-14 11:0:0',12,12,'QL1',3855000,NULL,3855000)
INSERT INTO HOADON VALUES('2021-03-15 10:0:0',10,4,'QL1',4110000,NULL,4110000)
INSERT INTO HOADON VALUES('2021-03-16 12:0:0',4,12,'QL1',9368000,NULL,9368000)
INSERT INTO HOADON VALUES('2021-03-17 11:0:0',2,6,'QL1',6895000,NULL,6895000)
INSERT INTO HOADON VALUES('2021-03-18 19:0:0',8,3,'QL2',10932000,NULL,10932000)
INSERT INTO HOADON VALUES('2021-03-19 16:0:0',12,5,'QL2',2868000,NULL,2868000)
INSERT INTO HOADON VALUES('2021-03-20 17:0:0',10,2,'QL2',5476000,'BANKING01',5476000)
INSERT INTO HOADON VALUES('2021-03-21 18:0:0',4,12,'QL3',8379000,NULL,8379000)
INSERT INTO HOADON VALUES('2021-03-22 19:0:0',1,10,'QL3',7928000,NULL,7928000)
INSERT INTO HOADON VALUES('2021-03-23 19:0:0',3,11,'QL3',5300000,NULL,5300000)
INSERT INTO HOADON VALUES('2021-03-24 21:0:0',2,12,'QL3',3630000,NULL,3630000)
INSERT INTO HOADON VALUES('2021-03-25 13:0:0',7,7,'QL1',3156000,NULL,3156000)
INSERT INTO HOADON VALUES('2021-03-26 12:0:0',8,8,'QL1',2796000,NULL,2796000)
INSERT INTO HOADON VALUES('2021-03-27 11:0:0',9,2,'QL1',3153000,NULL,3153000)
INSERT INTO HOADON VALUES('2021-03-28 15:0:0',12,10,'QL2',3328000,NULL,3328000)
INSERT INTO HOADON VALUES('2021-03-29 20:0:0',3,2,'QL3',4115000,NULL,4115000)
INSERT INTO HOADON VALUES('2021-03-30 18:0:0',6,6,'QL3',5396000,'MOMO02',5396000)

-----------------------------------------------------------------------
--CHI TIẾT HÓA ĐƠN
INSERT INTO CTHD VALUES(1, 'Canh ga', 20)
INSERT INTO CTHD VALUES(1, 'Canh nam ba dong chi', 30)
INSERT INTO CTHD VALUES(2,'Goi xoai rau',4)
INSERT INTO CTHD VALUES(2,'Tam trung muoi',4)
INSERT INTO CTHD VALUES(2,'Tam heo gion',12)
INSERT INTO CTHD VALUES(2,'Salad Luang Prabang',4)
INSERT INTO CTHD VALUES(2,'Canh ga gion',4)
INSERT INTO CTHD VALUES(2,'Goi hai san',4)
INSERT INTO CTHD VALUES(2,'Goi xoai ca chien xu',12)
INSERT INTO CTHD VALUES(2,'Lap ca',8)
INSERT INTO CTHD VALUES(2,'Lap ma heo nuong',4)
INSERT INTO CTHD VALUES(2,'Lap vit',12)
INSERT INTO CTHD VALUES(2,'Lap bo',4)
INSERT INTO CTHD VALUES(3,'Tom chien trung muoi',4)
INSERT INTO CTHD VALUES(3,'Muc pat trung muoi',4)
INSERT INTO CTHD VALUES(3,'Ca Mekong gac bep',16)
INSERT INTO CTHD VALUES(3,'Tom cuon tau hu ky',4)
INSERT INTO CTHD VALUES(3,'Tom sot ot Winai',20)
INSERT INTO CTHD VALUES(3,'Rau muong xao cay',8)
INSERT INTO CTHD VALUES(3,'Rau muong xao sot Winai',4)
INSERT INTO CTHD VALUES(3,'Ca pat can tay',8)
INSERT INTO CTHD VALUES(3,'Bo pat tieu den',4)
INSERT INTO CTHD VALUES(3,'Cari xanh bo',12)
INSERT INTO CTHD VALUES(3,'Cari xanh ga',4)
INSERT INTO CTHD VALUES(4,'Tomyum Me Kong',5)
INSERT INTO CTHD VALUES(4,'Canh Ca Laos',5)
INSERT INTO CTHD VALUES(4,'Canh vit',5)
INSERT INTO CTHD VALUES(4,'Canh bap bo',5)
INSERT INTO CTHD VALUES(4,'Tomyum Kung',5)
INSERT INTO CTHD VALUES(4,'Tomyum Hai San',5)
INSERT INTO CTHD VALUES(4,'Ngao hap chua kieu Laos',5)
INSERT INTO CTHD VALUES(4,'Canh ga',5)
INSERT INTO CTHD VALUES(4,'Canh nam ba dong chi',5)
INSERT INTO CTHD VALUES(4,'Canh gan bo',5)
INSERT INTO CTHD VALUES(4,'Goi xoai chua cay lao',5)
INSERT INTO CTHD VALUES(5,'Canh gan bo',3)
INSERT INTO CTHD VALUES(5,'Goi xoai chua cay lao',1)
INSERT INTO CTHD VALUES(5,'Goi xoai rau',1)
INSERT INTO CTHD VALUES(5,'Tam trung muoi',4)
INSERT INTO CTHD VALUES(5,'Tam heo gion',1)
INSERT INTO CTHD VALUES(5,'Salad Luang Prabang',1)
INSERT INTO CTHD VALUES(5,'Canh ga gion',3)
INSERT INTO CTHD VALUES(5,'Goi xoai ca chien xu',1)
INSERT INTO CTHD VALUES(5,'Goi hai san',1)
INSERT INTO CTHD VALUES(5,'Lap ca',1)
INSERT INTO CTHD VALUES(5,'Lap ma heo nuong',2)
INSERT INTO CTHD VALUES(5,'Lap vit',1)
INSERT INTO CTHD VALUES(5,'Lap bo',4)
INSERT INTO CTHD VALUES(5,'Lap ga',1)
INSERT INTO CTHD VALUES(6,'Muc chien gion',5)
INSERT INTO CTHD VALUES(6,'Dui ga Tomyum',5)
INSERT INTO CTHD VALUES(6,'Xoi lao',5)
INSERT INTO CTHD VALUES(6,'Heo cuon xa',5)
INSERT INTO CTHD VALUES(6,'Thit heo trung muoi',5)
INSERT INTO CTHD VALUES(6,'Tom chien trung muoi',5)
INSERT INTO CTHD VALUES(6,'Muc pat trung muoi',5)
INSERT INTO CTHD VALUES(6,'Ca Mekong gac bep',5)
INSERT INTO CTHD VALUES(6,'Tom cuon tau hu ky',5)
INSERT INTO CTHD VALUES(6,'Tom sot ot Winai',5)
INSERT INTO CTHD VALUES(7,'Tom sot ot Winai',10)
INSERT INTO CTHD VALUES(7,'Rau muong xao cay',10)
INSERT INTO CTHD VALUES(7,'Rau muong xao sot Winai',10)
INSERT INTO CTHD VALUES(7,'Ca pat can tay',10)
INSERT INTO CTHD VALUES(7,'Bo pat tieu den',10)
INSERT INTO CTHD VALUES(7,'Cari xanh bo',10)
INSERT INTO CTHD VALUES(7,'Cari xanh ga',10)
INSERT INTO CTHD VALUES(8,'Canh gan bo',5)
INSERT INTO CTHD VALUES(8,'Goi xoai chua cay lao',5)
INSERT INTO CTHD VALUES(8,'Goi xoai rau',10)
INSERT INTO CTHD VALUES(8,'Tam trung muoi',10)
INSERT INTO CTHD VALUES(8,'Tam heo gion',10)
INSERT INTO CTHD VALUES(8,'Salad Luang Prabang',5)
INSERT INTO CTHD VALUES(8,'Canh ga gion',10)
INSERT INTO CTHD VALUES(8,'Goi hai san',5)
INSERT INTO CTHD VALUES(8,'Goi xoai ca chien xu',5)
INSERT INTO CTHD VALUES(8,'Lap ca',5)
INSERT INTO CTHD VALUES(9,'Tomyum Hai San',5)
INSERT INTO CTHD VALUES(9,'Ngao hap chua kieu Laos',5)
INSERT INTO CTHD VALUES(9,'Canh ga',5)
INSERT INTO CTHD VALUES(9,'Canh nam ba dong chi',5)
INSERT INTO CTHD VALUES(9,'Canh gan bo',5)
INSERT INTO CTHD VALUES(9,'Goi xoai chua cay lao',5)
INSERT INTO CTHD VALUES(9,'Goi xoai rau',5)
INSERT INTO CTHD VALUES(9,'Tam trung muoi',5)
INSERT INTO CTHD VALUES(9,'Tam heo gion',5)
INSERT INTO CTHD VALUES(9,'Salad Luang Prabang',5)
INSERT INTO CTHD VALUES(10,'Lap vit',5)
INSERT INTO CTHD VALUES(10,'Lap bo',5)
INSERT INTO CTHD VALUES(10,'Lap ga',5)
INSERT INTO CTHD VALUES(10,'Muc chien gion',5)
INSERT INTO CTHD VALUES(10,'Dui ga Tomyum',5)
INSERT INTO CTHD VALUES(10,'Xoi lao',5)
INSERT INTO CTHD VALUES(10,'Heo cuon xa',5)
INSERT INTO CTHD VALUES(10,'Thit heo trung muoi',5)
INSERT INTO CTHD VALUES(10,'Tom chien trung muoi',5)
INSERT INTO CTHD VALUES(10,'Muc pat trung muoi',5)
INSERT INTO CTHD VALUES(11,'Heo cuon xa',8)
INSERT INTO CTHD VALUES(11,'Thit heo trung muoi',8)
INSERT INTO CTHD VALUES(11,'Tom chien trung muoi',4)
INSERT INTO CTHD VALUES(11,'Muc pat trung muoi',12)
INSERT INTO CTHD VALUES(11,'Ca Mekong gac bep',4)
INSERT INTO CTHD VALUES(11,'Tom cuon tau hu ky',8)
INSERT INTO CTHD VALUES(11,'Tom sot ot Winai',8)
INSERT INTO CTHD VALUES(11,'Rau muong xao cay',12)
INSERT INTO CTHD VALUES(12,'Tomyum Me Kong',5)
INSERT INTO CTHD VALUES(12,'Canh Ca Laos',5)
INSERT INTO CTHD VALUES(12,'Canh vit',5)
INSERT INTO CTHD VALUES(12,'Canh bap bo',5)
INSERT INTO CTHD VALUES(12,'Canh ga gion',5)
INSERT INTO CTHD VALUES(12,'Goi hai san',5)
INSERT INTO CTHD VALUES(12,'Goi xoai ca chien xu',5)
INSERT INTO CTHD VALUES(12,'Lap ca',5)
INSERT INTO CTHD VALUES(12,'Lap ma heo nuong',5)
INSERT INTO CTHD VALUES(13,'Salad Luang Prabang',4)
INSERT INTO CTHD VALUES(13,'Canh ga gion',12)
INSERT INTO CTHD VALUES(13,'Goi hai san',12)
INSERT INTO CTHD VALUES(13,'Goi xoai ca chien xu',8)
INSERT INTO CTHD VALUES(13,'Lap ca',8)
INSERT INTO CTHD VALUES(13,'Lap ma heo nuong',12)
INSERT INTO CTHD VALUES(13,'Rau muong xao cay',12)
INSERT INTO CTHD VALUES(13,'Rau muong xao sot Winai',12)
INSERT INTO CTHD VALUES(13,'Ca pat can tay',12)
INSERT INTO CTHD VALUES(14,'Muc chien gion',10)
INSERT INTO CTHD VALUES(14,'Dui ga Tomyum',10)
INSERT INTO CTHD VALUES(14,'Xoi lao',10)
INSERT INTO CTHD VALUES(14,'Heo cuon xa',10)
INSERT INTO CTHD VALUES(14,'Thit heo trung muoi',10)
INSERT INTO CTHD VALUES(14,'Tom chien trung muoi',10)
INSERT INTO CTHD VALUES(14,'Tom sot ot Winai',10)
INSERT INTO CTHD VALUES(14,'Rau muong xao cay',10)
INSERT INTO CTHD VALUES(15,'Ca pat can tay',5)
INSERT INTO CTHD VALUES(15,'Bo pat tieu den',5)
INSERT INTO CTHD VALUES(15,'Cari xanh bo',5)
INSERT INTO CTHD VALUES(15,'Cari xanh ga',5)
INSERT INTO CTHD VALUES(15,'Tomyum Me Kong',5)
INSERT INTO CTHD VALUES(15,'Canh Ca Laos',5)
INSERT INTO CTHD VALUES(15,'Canh vit',5)
INSERT INTO CTHD VALUES(15,'Canh bap bo',5)
INSERT INTO CTHD VALUES(15,'Tomyum Kung',5)
INSERT INTO CTHD VALUES(15,'Tomyum Hai San',5)
INSERT INTO CTHD VALUES(15,'Ngao hap chua kieu Laos',5)
INSERT INTO CTHD VALUES(16,'Xoi lao',3)
INSERT INTO CTHD VALUES(16,'Heo cuon xa',3)
INSERT INTO CTHD VALUES(16,'Thit heo trung muoi',9)
INSERT INTO CTHD VALUES(16,'Tom chien trung muoi',9)
INSERT INTO CTHD VALUES(16,'Muc pat trung muoi',6)
INSERT INTO CTHD VALUES(16,'Canh ga gion',9)
INSERT INTO CTHD VALUES(16,'Goi hai san',9)
INSERT INTO CTHD VALUES(16,'Goi xoai ca chien xu',9)
INSERT INTO CTHD VALUES(16,'Lap ca',3)
INSERT INTO CTHD VALUES(16,'Lap ma heo nuong',3)
INSERT INTO CTHD VALUES(16,'Lap vit',3)
INSERT INTO CTHD VALUES(17,'Dui ga Tomyum',5)
INSERT INTO CTHD VALUES(17,'Xoi lao',5)
INSERT INTO CTHD VALUES(17,'Heo cuon xa',5)
INSERT INTO CTHD VALUES(17,'Thit heo trung muoi',5)
INSERT INTO CTHD VALUES(17,'Tom chien trung muoi',5)
INSERT INTO CTHD VALUES(17,'Muc pat trung muoi',5)
INSERT INTO CTHD VALUES(17,'Ca Mekong gac bep',5)
INSERT INTO CTHD VALUES(17,'Tom cuon tau hu ky',5)
INSERT INTO CTHD VALUES(17,'Tom sot ot Winai',5)
INSERT INTO CTHD VALUES(18,'Canh ga',10)
INSERT INTO CTHD VALUES(18,'Canh nam ba dong chi',10)
INSERT INTO CTHD VALUES(18,'Canh gan bo',10)
INSERT INTO CTHD VALUES(18,'Goi xoai chua cay lao',10)
INSERT INTO CTHD VALUES(18,'Goi xoai rau',10)
INSERT INTO CTHD VALUES(18,'Tam trung muoi',10)
INSERT INTO CTHD VALUES(18,'Rau muong xao cay',10)
INSERT INTO CTHD VALUES(18,'Rau muong xao sot Winai',10)
INSERT INTO CTHD VALUES(18,'Ca pat can tay',10)
INSERT INTO CTHD VALUES(18,'Bo pat tieu den',10)
INSERT INTO CTHD VALUES(19,'Thit heo trung muoi',8)
INSERT INTO CTHD VALUES(19,'Tom chien trung muoi',4)
INSERT INTO CTHD VALUES(19,'Muc pat trung muoi',8)
INSERT INTO CTHD VALUES(19,'Ca Mekong gac bep',8)
INSERT INTO CTHD VALUES(19,'Tom cuon tau hu ky',4)
INSERT INTO CTHD VALUES(19,'Tom sot ot Winai',8)
INSERT INTO CTHD VALUES(19,'Canh bap bo',4)
INSERT INTO CTHD VALUES(19,'Tomyum Kung',12)
INSERT INTO CTHD VALUES(19,'Tomyum Hai San',8)
INSERT INTO CTHD VALUES(19,'Ngao hap chua kieu Laos',8)
INSERT INTO CTHD VALUES(20,'Canh ga',5)
INSERT INTO CTHD VALUES(20,'Canh nam ba dong chi',5)
INSERT INTO CTHD VALUES(20,'Canh gan bo',5)
INSERT INTO CTHD VALUES(20,'Goi xoai chua cay lao',5)
INSERT INTO CTHD VALUES(20,'Goi xoai rau',5)
INSERT INTO CTHD VALUES(20,'Tam trung muoi',5)
INSERT INTO CTHD VALUES(20,'Tam heo gion',5)
INSERT INTO CTHD VALUES(20,'Salad Luang Prabang',5)
INSERT INTO CTHD VALUES(20,'Canh ga gion',5)
INSERT INTO CTHD VALUES(20,'Goi hai san',5)
INSERT INTO CTHD VALUES(21,'Salad Luang Prabang',1)
INSERT INTO CTHD VALUES(21,'Canh ga gion',3)
INSERT INTO CTHD VALUES(21,'Goi hai san',1)
INSERT INTO CTHD VALUES(21,'Goi xoai ca chien xu',3)
INSERT INTO CTHD VALUES(21,'Lap ca',1)
INSERT INTO CTHD VALUES(21,'Lap ma heo nuong',1)
INSERT INTO CTHD VALUES(21,'Lap vit',3)
INSERT INTO CTHD VALUES(21,'Lap bo',3)
INSERT INTO CTHD VALUES(21,'Lap ga',1)
INSERT INTO CTHD VALUES(21,'Muc chien gion',4)
INSERT INTO CTHD VALUES(21,'Dui ga Tomyum',1)
INSERT INTO CTHD VALUES(21,'Xoi lao',1)
INSERT INTO CTHD VALUES(21,'Heo cuon xa',3)
INSERT INTO CTHD VALUES(22,'Tomyum Me Kong',3)
INSERT INTO CTHD VALUES(22,'Canh Ca Laos',3)
INSERT INTO CTHD VALUES(22,'Canh vit',3)
INSERT INTO CTHD VALUES(22,'Canh bap bo',3)
INSERT INTO CTHD VALUES(22,'Tomyum Kung',3)
INSERT INTO CTHD VALUES(22,'Tomyum Hai San',3)
INSERT INTO CTHD VALUES(22,'Ngao hap chua kieu Laos',3)
INSERT INTO CTHD VALUES(22,'Canh ga',3)
INSERT INTO CTHD VALUES(22,'Canh nam ba dong chi',3)
INSERT INTO CTHD VALUES(22,'Canh gan bo',3)
INSERT INTO CTHD VALUES(22,'Goi xoai chua cay lao',3)
INSERT INTO CTHD VALUES(22,'Goi xoai rau',3)
INSERT INTO CTHD VALUES(22,'Tam trung muoi',3)
INSERT INTO CTHD VALUES(22,'Tam heo gion',3)
INSERT INTO CTHD VALUES(22,'Salad Luang Prabang',3)
INSERT INTO CTHD VALUES(23,'Lap ma heo nuong',4)
INSERT INTO CTHD VALUES(23,'Lap vit',4)
INSERT INTO CTHD VALUES(23,'Lap bo',4)
INSERT INTO CTHD VALUES(23,'Lap ga',4)
INSERT INTO CTHD VALUES(23,'Muc chien gion',4)
INSERT INTO CTHD VALUES(23,'Dui ga Tomyum',4)
INSERT INTO CTHD VALUES(23,'Xoi lao',4)
INSERT INTO CTHD VALUES(23,'Heo cuon xa',4)
INSERT INTO CTHD VALUES(23,'Thit heo trung muoi',4)
INSERT INTO CTHD VALUES(23,'Tom chien trung muoi',4)
INSERT INTO CTHD VALUES(23,'Muc pat trung muoi',4)
INSERT INTO CTHD VALUES(23,'Ca Mekong gac bep',4)
INSERT INTO CTHD VALUES(23,'Tom cuon tau hu ky',4)
INSERT INTO CTHD VALUES(24,'Ngao hap chua kieu Laos',8)
INSERT INTO CTHD VALUES(24,'Canh ga',8)
INSERT INTO CTHD VALUES(24,'Canh nam ba dong chi',8)
INSERT INTO CTHD VALUES(24,'Canh gan bo',8)
INSERT INTO CTHD VALUES(24,'Goi xoai chua cay lao',8)
INSERT INTO CTHD VALUES(24,'Goi xoai rau',8)
INSERT INTO CTHD VALUES(24,'Tam trung muoi',8)
INSERT INTO CTHD VALUES(24,'Tam heo gion',8)
INSERT INTO CTHD VALUES(24,'Salad Luang Prabang',8)
INSERT INTO CTHD VALUES(24,'Canh ga gion',8)
INSERT INTO CTHD VALUES(24,'Goi hai san',8)
INSERT INTO CTHD VALUES(24,'Goi xoai ca chien xu',8)
INSERT INTO CTHD VALUES(25,'Thit heo trung muoi',3)
INSERT INTO CTHD VALUES(25,'Tom chien trung muoi',3)
INSERT INTO CTHD VALUES(25,'Muc pat trung muoi',3)
INSERT INTO CTHD VALUES(25,'Ca Mekong gac bep',3)
INSERT INTO CTHD VALUES(25,'Tom cuon tau hu ky',3)
INSERT INTO CTHD VALUES(25,'Tom sot ot Winai',3)
INSERT INTO CTHD VALUES(25,'Rau muong xao cay',3)
INSERT INTO CTHD VALUES(25,'Rau muong xao sot Winai',3)
INSERT INTO CTHD VALUES(25,'Ca pat can tay',3)
INSERT INTO CTHD VALUES(25,'Bo pat tieu den',3)
INSERT INTO CTHD VALUES(25,'Cari xanh bo',3)
INSERT INTO CTHD VALUES(25,'Cari xanh ga',3)
INSERT INTO CTHD VALUES(26,'Tomyum Me Kong',8)
INSERT INTO CTHD VALUES(26,'Canh Ca Laos',8)
INSERT INTO CTHD VALUES(26,'Canh vit',8)
INSERT INTO CTHD VALUES(26,'Canh bap bo',8)
INSERT INTO CTHD VALUES(26,'Tomyum Kung',8)
INSERT INTO CTHD VALUES(26,'Tomyum Hai San',8)
INSERT INTO CTHD VALUES(26,'Ngao hap chua kieu Laos',8)
INSERT INTO CTHD VALUES(26,'Canh ga',8)
INSERT INTO CTHD VALUES(26,'Canh nam ba dong chi',8)
INSERT INTO CTHD VALUES(26,'Canh gan bo',8)
INSERT INTO CTHD VALUES(26,'Goi xoai chua cay lao',8)
INSERT INTO CTHD VALUES(26,'Goi xoai rau',8)
INSERT INTO CTHD VALUES(26,'Tam trung muoi',8)
INSERT INTO CTHD VALUES(27,'Canh ga gion',2)
INSERT INTO CTHD VALUES(27,'Goi hai san',2)
INSERT INTO CTHD VALUES(27,'Goi xoai ca chien xu',2)
INSERT INTO CTHD VALUES(27,'Lap ca',2)
INSERT INTO CTHD VALUES(27,'Lap ma heo nuong',2)
INSERT INTO CTHD VALUES(27,'Lap vit',2)
INSERT INTO CTHD VALUES(27,'Lap bo',2)
INSERT INTO CTHD VALUES(27,'Lap ga',2)
INSERT INTO CTHD VALUES(27,'Muc chien gion',2)
INSERT INTO CTHD VALUES(27,'Dui ga Tomyum',2)
INSERT INTO CTHD VALUES(27,'Heo cuon xa',2)
INSERT INTO CTHD VALUES(27,'Thit heo trung muoi',2)
INSERT INTO CTHD VALUES(27,'Tom chien trung muoi',2)
INSERT INTO CTHD VALUES(28,'Heo cuon xa',2)
INSERT INTO CTHD VALUES(28,'Thit heo trung muoi',2)
INSERT INTO CTHD VALUES(28,'Tom chien trung muoi',2)
INSERT INTO CTHD VALUES(28,'Muc pat trung muoi',2)
INSERT INTO CTHD VALUES(28,'Ca Mekong gac bep',2)
INSERT INTO CTHD VALUES(28,'Tom cuon tau hu ky',2)
INSERT INTO CTHD VALUES(28,'Tom sot ot Winai',2)
INSERT INTO CTHD VALUES(28,'Rau muong xao cay',2)
INSERT INTO CTHD VALUES(28,'Rau muong xao sot Winai',2)
INSERT INTO CTHD VALUES(28,'Tomyum Me Kong',2)
INSERT INTO CTHD VALUES(28,'Canh Ca Laos',2)
INSERT INTO CTHD VALUES(28,'Canh vit',2)
INSERT INTO CTHD VALUES(28,'Canh bap bo',2)
INSERT INTO CTHD VALUES(28,'Tomyum Kung',2)
INSERT INTO CTHD VALUES(28,'Tomyum Hai San',2)
INSERT INTO CTHD VALUES(28,'Ngao hap chua kieu Laos',2)
INSERT INTO CTHD VALUES(28,'Canh ga',2)
INSERT INTO CTHD VALUES(28,'Canh nam ba dong chi',2)
INSERT INTO CTHD VALUES(28,'Canh gan bo',2)
INSERT INTO CTHD VALUES(29,'Canh ga gion',3)
INSERT INTO CTHD VALUES(29,'Goi hai san',3)
INSERT INTO CTHD VALUES(29,'Goi xoai ca chien xu',3)
INSERT INTO CTHD VALUES(29,'Lap ca',3)
INSERT INTO CTHD VALUES(29,'Lap ma heo nuong',3)
INSERT INTO CTHD VALUES(29,'Lap vit',3)
INSERT INTO CTHD VALUES(29,'Lap bo',3)
INSERT INTO CTHD VALUES(29,'Lap ga',3)
INSERT INTO CTHD VALUES(29,'Muc chien gion',3)
INSERT INTO CTHD VALUES(29,'Dui ga Tomyum',3)
INSERT INTO CTHD VALUES(29,'Xoi lao',3)
INSERT INTO CTHD VALUES(29,'Heo cuon xa',3)
INSERT INTO CTHD VALUES(29,'Thit heo trung muoi',3)
INSERT INTO CTHD VALUES(29,'Tom chien trung muoi',3)
INSERT INTO CTHD VALUES(30,'Ca Mekong gac bep',4)
INSERT INTO CTHD VALUES(30,'Tom cuon tau hu ky',4)
INSERT INTO CTHD VALUES(30,'Tom sot ot Winai',4)
INSERT INTO CTHD VALUES(30,'Rau muong xao cay',4)
INSERT INTO CTHD VALUES(30,'Rau muong xao sot Winai',4)
INSERT INTO CTHD VALUES(30,'Ca pat can tay',4)
INSERT INTO CTHD VALUES(30,'Bo pat tieu den',4)
INSERT INTO CTHD VALUES(30,'Cari xanh bo',4)
INSERT INTO CTHD VALUES(30,'Cari xanh ga',4)
INSERT INTO CTHD VALUES(31,'Ngao hap chua kieu Laos',3)
INSERT INTO CTHD VALUES(31,'Canh ga',3)
INSERT INTO CTHD VALUES(31,'Canh nam ba dong chi',3)
INSERT INTO CTHD VALUES(31,'Canh gan bo',3)
INSERT INTO CTHD VALUES(31,'Goi xoai chua cay lao',3)
INSERT INTO CTHD VALUES(31,'Goi xoai rau',3)
INSERT INTO CTHD VALUES(31,'Tam trung muoi',3)
INSERT INTO CTHD VALUES(31,'Tam heo gion',3)
INSERT INTO CTHD VALUES(31,'Salad Luang Prabang',3)
INSERT INTO CTHD VALUES(31,'Canh ga gion',3)
INSERT INTO CTHD VALUES(31,'Goi hai san',3)
INSERT INTO CTHD VALUES(31,'Goi xoai ca chien xu',3)
INSERT INTO CTHD VALUES(32,'Muc chien gion',3)
INSERT INTO CTHD VALUES(32,'Dui ga Tomyum',3)
INSERT INTO CTHD VALUES(32,'Xoi lao',3)
INSERT INTO CTHD VALUES(32,'Heo cuon xa',3)
INSERT INTO CTHD VALUES(32,'Thit heo trung muoi',3)
INSERT INTO CTHD VALUES(32,'Tom chien trung muoi',3)
INSERT INTO CTHD VALUES(32,'Muc pat trung muoi',3)
INSERT INTO CTHD VALUES(32,'Ca Mekong gac bep',3)
INSERT INTO CTHD VALUES(32,'Tom cuon tau hu ky',3)
INSERT INTO CTHD VALUES(32,'Tom sot ot Winai',3)
INSERT INTO CTHD VALUES(32,'Rau muong xao cay',3)
INSERT INTO CTHD VALUES(32,'Ca pat can tay',3)
INSERT INTO CTHD VALUES(32,'Rau muong xao sot Winai',3)
INSERT INTO CTHD VALUES(33,'Ngao hap chua kieu Laos',3)
INSERT INTO CTHD VALUES(33,'Canh ga',3)
INSERT INTO CTHD VALUES(33,'Canh nam ba dong chi',3)
INSERT INTO CTHD VALUES(33,'Canh gan bo',3)
INSERT INTO CTHD VALUES(33,'Goi xoai chua cay lao',3)
INSERT INTO CTHD VALUES(33,'Muc chien gion',3)
INSERT INTO CTHD VALUES(33,'Dui ga Tomyum',3)
INSERT INTO CTHD VALUES(33,'Xoi lao',3)
INSERT INTO CTHD VALUES(33,'Heo cuon xa',3)
INSERT INTO CTHD VALUES(33,'Thit heo trung muoi',3)
INSERT INTO CTHD VALUES(33,'Tom chien trung muoi',3)
INSERT INTO CTHD VALUES(33,'Muc pat trung muoi',3)
INSERT INTO CTHD VALUES(34,'Tomyum Me Kong',3)
INSERT INTO CTHD VALUES(34,'Canh Ca Laos',3)
INSERT INTO CTHD VALUES(34,'Canh vit',3)
INSERT INTO CTHD VALUES(34,'Canh bap bo',3)
INSERT INTO CTHD VALUES(34,'Tomyum Kung',3)
INSERT INTO CTHD VALUES(34,'Tomyum Hai San',3)
INSERT INTO CTHD VALUES(34,'Ngao hap chua kieu Laos',3)
INSERT INTO CTHD VALUES(34,'Canh ga',3)
INSERT INTO CTHD VALUES(34,'Canh nam ba dong chi',3)
INSERT INTO CTHD VALUES(35,'Goi xoai rau',4)
INSERT INTO CTHD VALUES(35,'Tam trung muoi',4)
INSERT INTO CTHD VALUES(35,'Tam heo gion',4)
INSERT INTO CTHD VALUES(35,'Salad Luang Prabang',4)
INSERT INTO CTHD VALUES(35,'Canh ga gion',4)
INSERT INTO CTHD VALUES(35,'Goi hai san',4)
INSERT INTO CTHD VALUES(35,'Goi xoai ca chien xu',4)
INSERT INTO CTHD VALUES(35,'Lap ca',4)
INSERT INTO CTHD VALUES(35,'Lap ma heo nuong',4)
INSERT INTO CTHD VALUES(36,'Dui ga Tomyum',3)
INSERT INTO CTHD VALUES(36,'Xoi lao',3)
INSERT INTO CTHD VALUES(36,'Heo cuon xa',3)
INSERT INTO CTHD VALUES(36,'Thit heo trung muoi',3)
INSERT INTO CTHD VALUES(36,'Tom chien trung muoi',3)
INSERT INTO CTHD VALUES(36,'Muc pat trung muoi',3)
INSERT INTO CTHD VALUES(36,'Ca Mekong gac bep',3)
INSERT INTO CTHD VALUES(36,'Tom cuon tau hu ky',3)
INSERT INTO CTHD VALUES(36,'Tom sot ot Winai',3)
INSERT INTO CTHD VALUES(36,'Rau muong xao cay',3)
INSERT INTO CTHD VALUES(36,'Rau muong xao sot Winai',3)
INSERT INTO CTHD VALUES(37,'Canh bap bo',5)
INSERT INTO CTHD VALUES(37,'Tomyum Kung',5)
INSERT INTO CTHD VALUES(37,'Tomyum Hai San',5)
INSERT INTO CTHD VALUES(37,'Ngao hap chua kieu Laos',5)
INSERT INTO CTHD VALUES(37,'Canh ga',5)
INSERT INTO CTHD VALUES(37,'Canh nam ba dong chi',5)
INSERT INTO CTHD VALUES(37,'Canh gan bo',5)
INSERT INTO CTHD VALUES(37,'Goi xoai chua cay lao',5)
INSERT INTO CTHD VALUES(38,'Tam heo gion',8)
INSERT INTO CTHD VALUES(38,'Salad Luang Prabang',8)
INSERT INTO CTHD VALUES(38,'Canh ga gion',8)
INSERT INTO CTHD VALUES(38,'Goi hai san',8)
INSERT INTO CTHD VALUES(38,'Goi xoai ca chien xu',8)
INSERT INTO CTHD VALUES(38,'Lap ca',8)
INSERT INTO CTHD VALUES(38,'Lap ma heo nuong',8)
INSERT INTO CTHD VALUES(38,'Lap vit',8)
INSERT INTO CTHD VALUES(38,'Lap bo',8)
INSERT INTO CTHD VALUES(39,'Heo cuon xa',5)
INSERT INTO CTHD VALUES(39,'Thit heo trung muoi',5)
INSERT INTO CTHD VALUES(39,'Tom chien trung muoi',5)
INSERT INTO CTHD VALUES(39,'Muc pat trung muoi',5)
INSERT INTO CTHD VALUES(39,'Ca Mekong gac bep',5)
INSERT INTO CTHD VALUES(39,'Tom cuon tau hu ky',5)
INSERT INTO CTHD VALUES(39,'Tom sot ot Winai',5)
INSERT INTO CTHD VALUES(39,'Rau muong xao cay',5)
INSERT INTO CTHD VALUES(39,'Rau muong xao sot Winai',5)
INSERT INTO CTHD VALUES(39,'Bo pat tieu den',5)
INSERT INTO CTHD VALUES(39,'Ca pat can tay',5)
INSERT INTO CTHD VALUES(40,'Canh bap bo',12)
INSERT INTO CTHD VALUES(40,'Tomyum Kung',12)
INSERT INTO CTHD VALUES(40,'Tomyum Hai San',12)
INSERT INTO CTHD VALUES(40,'Ngao hap chua kieu Laos',12)
INSERT INTO CTHD VALUES(40,'Canh ga',12)
INSERT INTO CTHD VALUES(40,'Canh nam ba dong chi',12)
INSERT INTO CTHD VALUES(40,'Canh gan bo',12)
INSERT INTO CTHD VALUES(40,'Goi xoai chua cay lao',12)
INSERT INTO CTHD VALUES(40,'Goi xoai rau',12)
INSERT INTO CTHD VALUES(41,'Canh ga gion',2)
INSERT INTO CTHD VALUES(41,'Goi hai san',2)
INSERT INTO CTHD VALUES(41,'Goi xoai ca chien xu',2)
INSERT INTO CTHD VALUES(41,'Lap ca',2)
INSERT INTO CTHD VALUES(41,'Lap ma heo nuong',2)
INSERT INTO CTHD VALUES(41,'Lap vit',2)
INSERT INTO CTHD VALUES(41,'Lap bo',2)
INSERT INTO CTHD VALUES(41,'Lap ga',2)
INSERT INTO CTHD VALUES(41,'Muc chien gion',2)
INSERT INTO CTHD VALUES(41,'Dui ga Tomyum',2)
INSERT INTO CTHD VALUES(41,'Xoi lao',2)
INSERT INTO CTHD VALUES(41,'Heo cuon xa',2)
INSERT INTO CTHD VALUES(42,'Cari xanh ga',4)
INSERT INTO CTHD VALUES(42,'Cari xanh bo',4)
INSERT INTO CTHD VALUES(42,'Bo pat tieu den',4)
INSERT INTO CTHD VALUES(42,'Ca pat can tay',4)
INSERT INTO CTHD VALUES(42,'Rau muong xao sot Winai',4)
INSERT INTO CTHD VALUES(42,'Rau muong xao cay',4)
INSERT INTO CTHD VALUES(42,'Tom sot ot Winai',4)
INSERT INTO CTHD VALUES(42,'Tom cuon tau hu ky',4)
INSERT INTO CTHD VALUES(42,'Ca Mekong gac bep',4)
INSERT INTO CTHD VALUES(42,'Muc pat trung muoi',4)
INSERT INTO CTHD VALUES(42,'Tom chien trung muoi',4)
INSERT INTO CTHD VALUES(43,'Tomyum Me Kong',9)
INSERT INTO CTHD VALUES(43,'Canh Ca Laos',9)
INSERT INTO CTHD VALUES(43,'Canh vit',9)
INSERT INTO CTHD VALUES(43,'Canh bap bo',9)
INSERT INTO CTHD VALUES(43,'Tomyum Kung',9)
INSERT INTO CTHD VALUES(43,'Tomyum Hai San',9)
INSERT INTO CTHD VALUES(43,'Ngao hap chua kieu Laos',9)
INSERT INTO CTHD VALUES(43,'Canh ga',9)
INSERT INTO CTHD VALUES(43,'Canh nam ba dong chi',9)
INSERT INTO CTHD VALUES(44,'Canh gan bo',8)
INSERT INTO CTHD VALUES(44,'Goi xoai chua cay lao',8)
INSERT INTO CTHD VALUES(44,'Goi xoai rau',8)
INSERT INTO CTHD VALUES(44,'Tam trung muoi',8)
INSERT INTO CTHD VALUES(44,'Tam heo gion',8)
INSERT INTO CTHD VALUES(44,'Salad Luang Prabang',8)
INSERT INTO CTHD VALUES(44,'Canh ga gion',8)
INSERT INTO CTHD VALUES(44,'Goi hai san',8)
INSERT INTO CTHD VALUES(44,'Goi xoai ca chien xu',8)
INSERT INTO CTHD VALUES(45,'Lap ca',4)
INSERT INTO CTHD VALUES(45,'Lap ma heo nuong',4)
INSERT INTO CTHD VALUES(45,'Lap vit',4)
INSERT INTO CTHD VALUES(45,'Lap bo',4)
INSERT INTO CTHD VALUES(45,'Lap ga',4)
INSERT INTO CTHD VALUES(45,'Muc chien gion',4)
INSERT INTO CTHD VALUES(45,'Dui ga Tomyum',4)
INSERT INTO CTHD VALUES(45,'Xoi lao',4)
INSERT INTO CTHD VALUES(45,'Heo cuon xa',4)
INSERT INTO CTHD VALUES(45,'Thit heo trung muoi',4)
INSERT INTO CTHD VALUES(45,'Tom chien trung muoi',4)
INSERT INTO CTHD VALUES(46,'Muc pat trung muoi',3)
INSERT INTO CTHD VALUES(46,'Ca Mekong gac bep',3)
INSERT INTO CTHD VALUES(46,'Tom cuon tau hu ky',3)
INSERT INTO CTHD VALUES(46,'Tom sot ot Winai',3)
INSERT INTO CTHD VALUES(46,'Rau muong xao cay',3)
INSERT INTO CTHD VALUES(46,'Rau muong xao sot Winai',3)
INSERT INTO CTHD VALUES(46,'Ca pat can tay',3)
INSERT INTO CTHD VALUES(46,'Bo pat tieu den',3)
INSERT INTO CTHD VALUES(46,'Cari xanh bo',3)
INSERT INTO CTHD VALUES(46,'Cari xanh ga',3)
INSERT INTO CTHD VALUES(47,'Goi hai san',3)
INSERT INTO CTHD VALUES(47,'Goi xoai ca chien xu',3)
INSERT INTO CTHD VALUES(47,'Lap ca',3)
INSERT INTO CTHD VALUES(47,'Lap ma heo nuong',3)
INSERT INTO CTHD VALUES(47,'Lap vit',3)
INSERT INTO CTHD VALUES(47,'Lap bo',3)
INSERT INTO CTHD VALUES(47,'Lap ga',3)
INSERT INTO CTHD VALUES(47,'Muc chien gion',3)
INSERT INTO CTHD VALUES(48,'Dui ga Tomyum',4)
INSERT INTO CTHD VALUES(48,'Xoi lao',4)
INSERT INTO CTHD VALUES(48,'Heo cuon xa',4)
INSERT INTO CTHD VALUES(48,'Thit heo trung muoi',4)
INSERT INTO CTHD VALUES(48,'Tomyum Kung',4)
INSERT INTO CTHD VALUES(48,'Tomyum Hai San',4)
INSERT INTO CTHD VALUES(48,'Ngao hap chua kieu Laos',4)
INSERT INTO CTHD VALUES(49,'Canh ga',3)
INSERT INTO CTHD VALUES(49,'Canh nam ba dong chi',3)
INSERT INTO CTHD VALUES(49,'Tom chien trung muoi',3)
INSERT INTO CTHD VALUES(49,'Muc pat trung muoi',3)
INSERT INTO CTHD VALUES(49,'Ca Mekong gac bep',3)
INSERT INTO CTHD VALUES(49,'Tom cuon tau hu ky',3)
INSERT INTO CTHD VALUES(49,'Goi xoai rau',3)
INSERT INTO CTHD VALUES(49,'Tam trung muoi',3)
INSERT INTO CTHD VALUES(49,'Tam heo gion',3)
INSERT INTO CTHD VALUES(50,'Tom sot ot Winai',4)
INSERT INTO CTHD VALUES(50,'Rau muong xao cay',4)
INSERT INTO CTHD VALUES(50,'Rau muong xao sot Winai',4)
INSERT INTO CTHD VALUES(50,'Tomyum Me Kong',4)
INSERT INTO CTHD VALUES(50,'Canh Ca Laos',4)
INSERT INTO CTHD VALUES(50,'Canh vit',4)
INSERT INTO CTHD VALUES(50,'Canh bap bo',4)
INSERT INTO CTHD VALUES(50,'Ca pat can tay',4)
INSERT INTO CTHD VALUES(51,'Bo pat tieu den',5)
INSERT INTO CTHD VALUES(51,'Cari xanh bo',5)
INSERT INTO CTHD VALUES(51,'Cari xanh ga',5)
INSERT INTO CTHD VALUES(51,'Canh gan bo',5)
INSERT INTO CTHD VALUES(51,'Goi xoai chua cay lao',5)
INSERT INTO CTHD VALUES(51,'Salad Luang Prabang',5)
INSERT INTO CTHD VALUES(51,'Canh ga gion',5)
INSERT INTO CTHD VALUES(52,'Thit heo trung muoi',4)
INSERT INTO CTHD VALUES(52,'Tomyum Kung',4)
INSERT INTO CTHD VALUES(52,'Tomyum Hai San',4)
INSERT INTO CTHD VALUES(52,'Ngao hap chua kieu Laos',4)
INSERT INTO CTHD VALUES(52,'Canh ga',4)
INSERT INTO CTHD VALUES(52,'Canh nam ba dong chi',4)
INSERT INTO CTHD VALUES(52,'Tom chien trung muoi',4)
INSERT INTO CTHD VALUES(52,'Muc pat trung muoi',4)
INSERT INTO CTHD VALUES(52,'Ca Mekong gac bep',4)
INSERT INTO CTHD VALUES(52,'Tom cuon tau hu ky',4)
INSERT INTO CTHD VALUES(52,'Goi xoai rau',4)

-----------------------------------------------------------------------
--HÓA ĐƠN BACK UP
INSERT INTO HOADON_BACKUP VALUES(1, '2021-01-02 18:0:0', 1000000)
INSERT INTO HOADON_BACKUP VALUES(3, '2021-01-02 11:0:0', 978000)
INSERT INTO HOADON_BACKUP VALUES(6, '2021-01-04 22:0:0', 1128000)
INSERT INTO HOADON_BACKUP VALUES(8, '2021-01-05 12:0:0', 2548000)
INSERT INTO HOADON_BACKUP VALUES(15, '2021-01-08 18:0:0', 1560000)
INSERT INTO HOADON_BACKUP VALUES(11, '2021-01-09 13:0:0', 2381000)
INSERT INTO HOADON_BACKUP VALUES(10, '2021-01-09 19:0:0', 876000)
INSERT INTO HOADON_BACKUP VALUES(14, '2021-01-10 20:0:0', 1500000)
INSERT INTO HOADON_BACKUP VALUES(12, '2021-01-11 21:0:0', 3200000)
INSERT INTO HOADON_BACKUP VALUES(7, '2021-01-11 15:0:0', 1568000)
INSERT INTO HOADON_BACKUP VALUES(2, '2021-01-12 16:0:0', 1432000)
INSERT INTO HOADON_BACKUP VALUES(4, '2021-01-13 18:0:0', 668000)
INSERT INTO HOADON_BACKUP VALUES(9, '2021-01-13 21:0:0', 1000000)
INSERT INTO HOADON_BACKUP VALUES(5, '2021-01-14 12:0:0', 780000)
INSERT INTO HOADON_BACKUP VALUES(10, '2021-01-15 13:0:0', 1050000)
INSERT INTO HOADON_BACKUP VALUES(15, '2021-01-15 18:0:0', 1000000)
INSERT INTO HOADON_BACKUP VALUES(15, '2021-01-16 15:0:0', 2330000)
INSERT INTO HOADON_BACKUP VALUES(1, '2021-01-17 22:0:0', 888000)
INSERT INTO HOADON_BACKUP VALUES(14, '2021-01-18 18:0:0', 927000)
INSERT INTO HOADON_BACKUP VALUES(2, '2021-01-19 12:0:0', 1246000)
INSERT INTO HOADON_BACKUP VALUES(10, '2021-01-20 13:0:0', 1000000)
INSERT INTO HOADON_BACKUP VALUES(11, '2021-01-21 14:0:0', 668000)
INSERT INTO HOADON_BACKUP VALUES(9, '2021-01-22 19:0:0', 998000)
INSERT INTO HOADON_BACKUP VALUES(8, '2021-01-23 19:0:0', 2500000)
INSERT INTO HOADON_BACKUP VALUES(2, '2021-01-24 20:0:0', 450000)
INSERT INTO HOADON_BACKUP VALUES(3, '2021-01-25 15:0:0', 879000)
INSERT INTO HOADON_BACKUP VALUES(12, '2021-01-26 16:0:0', 1050000)
INSERT INTO HOADON_BACKUP VALUES(4, '2021-01-27 22:0:0', 1890000)
INSERT INTO HOADON_BACKUP VALUES(5, '2021-01-28 16:0:0', 2100000)
INSERT INTO HOADON_BACKUP VALUES(9, '2021-01-29 14:0:0', 3451000)
INSERT INTO HOADON_BACKUP VALUES(5, '2021-01-30 11:0:0', 450000)





